,Feature,Segment1.Slope,Segment2.Slope,Segment3.Slope,Segment4.Slope,Segment5.Slope,Segment6.Slope,Segment7.Slope,Segment8.Slope,Segment1.Trend,Segment2.Trend,Segment3.Trend,Segment4.Trend,Segment5.Trend,Segment6.Trend,Segment7.Trend,Segment8.Trend,Segment1.Pvalue,Segment2.Pvalue,Segment3.Pvalue,Segment4.Pvalue,Segment5.Pvalue,Segment6.Pvalue,Segment7.Pvalue,Segment8.Pvalue,Breakpoint1,Breakpoint2,Breakpoint3,Breakpoint4,Breakpoint5,Breakpoint6,Breakpoint7,AdjustedR2,X3m_s1.Trend,X3m_s2.Trend,X3m_s3.Trend,X6m_s1.Trend,X6m_s2.Trend,X6m_s3.Trend,X6m_s4.Trend,X9m_s1.Trend,X9m_s2.Trend,X9m_s3.Trend,X9m_s4.Trend,X12m_s1.Trend,X12m_s2.Trend,X12m_s3.Trend,X12m_s4.Trend,X12m_s5.Trend,X15m_s1.Trend,X15m_s2.Trend,X15m_s3.Trend,X15m_s4.Trend,X18m_s1.Trend,X18m_s2.Trend,X18m_s3.Trend,X18m_s4.Trend,X21m_s1.Trend,X21m_s2.Trend,X21m_s3.Trend,X24m_s1.Trend,X24m_s2.Trend,X27m_s1.Trend,X27m_s2.Trend,X27m_s3.Trend
Atp2a1,Atp2a1,13.368,-2005.2,17.314,-0.059707,NA,NA,NA,NA,1,-1,0,0,NA,NA,NA,NA,0.0200547976254713,0.0222341027098446,0.352154203080524,0.321440357675757,NA,NA,NA,NA,6.0362771204193,6.08148021041611,9.10362600976349,NA,NA,NA,NA,0.948164534978879,1,1,1,1,-1,-1,-1,0,0,0,0,0,0,0,0,0,0,0,0,0,0,0,0,0,0,0,0,0,0,0,0,0
Lyz1,Lyz1,-0.46321,100.57,-2865.6,222.15,-1.3553,NA,NA,NA,0,1,-1,0,0,NA,NA,NA,0.37736103084132,0.017797945792568,0.0985046921641412,0.234436738387937,0.294558991195976,NA,NA,NA,12.0312880886832,14.9440550361869,15.2596709369927,18.0818937169934,NA,NA,NA,0.941479446629895,0,0,0,0,0,0,0,0,0,0,0,0,1,1,0,0,-1,1,-1,-1,0,0,0,0,0,0,0,0,0,0,0,0
Cox4i2,Cox4i2,-0.21431,18.079,-642.58,0.13374,NA,NA,NA,NA,0,0,-1,0,NA,NA,NA,NA,0.288601623089244,0.419679468996114,0.0181476474182316,0.29377837070605,NA,NA,NA,NA,12.0133982858508,14.9621007528678,15.0450461043194,NA,NA,NA,NA,0.940283284562059,0,0,0,0,0,0,0,0,0,0,0,0,0,0,0,0,-1,-1,-1,-1,0,0,0,0,0,0,0,0,0,0,0,0
Epas1,Epas1,-11.918,823.49,-35153,15.373,NA,NA,NA,NA,0,1,0,0,NA,NA,NA,NA,0.226613830189025,0.0193945757535709,0.140347510464679,0.167165439739649,NA,NA,NA,NA,12.0182187280241,14.981033678746,15.0539260900728,NA,NA,NA,NA,0.928403444711135,0,0,0,0,0,0,0,0,0,0,0,1,1,0,0,0,0,1,0,0,0,0,0,0,0,0,0,0,0,0,0,0
Tspan7,Tspan7,-3.2118,180.34,-7392.3,806.52,-5.7253,NA,NA,NA,0,0,-1,0,0,NA,NA,NA,0.242692752073743,0.430763311070167,0.020128253310527,0.236417763860759,0.193210174257577,NA,NA,NA,11.9498826235107,14.9732443549579,15.3381073759316,18.071174321812,NA,NA,NA,0.922224082548487,0,0,0,0,0,0,0,0,0,0,0,0,0,0,0,0,-1,-1,-1,-1,0,0,0,0,0,0,0,0,0,0,0,0
Nkd1,Nkd1,-0.3329,46.205,-1798.3,0.56671,NA,NA,NA,NA,0,1,0,0,NA,NA,NA,NA,0.374889589009445,0.0200031942484124,0.166416403216555,0.246427878039429,NA,NA,NA,NA,11.9925459492036,14.9740991491842,15.0520632098414,NA,NA,NA,NA,0.916352138033967,0,0,0,0,0,0,0,0,0,0,0,1,1,1,0,1,0,1,0,0,0,0,0,0,0,0,0,0,0,0,0,0
Rnf144a,Rnf144a,-1.9689,77.497,-2961.3,0.60216,NA,NA,NA,NA,0,1,0,0,NA,NA,NA,NA,0.22880477999723,0.0201805039227282,0.17216984240497,0.320447270844174,NA,NA,NA,NA,11.8435271546666,14.9733229425923,15.0541832308305,NA,NA,NA,NA,0.912541099338572,0,0,0,0,0,0,0,0,0,0,0,1,1,1,1,1,0,1,0,0,0,0,0,0,0,0,0,0,0,0,0,0
Clic5,Clic5,-3.1813,116.54,-4554.4,3.1433,NA,NA,NA,NA,0,1,-1,0,NA,NA,NA,NA,0.227828260564279,0.0215298959400766,0.0977079636572943,0.164251922435764,NA,NA,NA,NA,11.8769079849482,14.9789950914732,15.0611618976312,NA,NA,NA,NA,0.902961600963322,0,0,0,0,0,0,0,0,0,0,0,1,1,1,1,1,-1,1,-1,-1,0,0,0,0,0,0,0,0,0,0,0,0
Icam2,Icam2,-0.9284,93.98,-1584.1,0.59203,NA,NA,NA,NA,0,0,-1,0,NA,NA,NA,NA,0.243027190021625,0.247020218380093,0.0238773954114085,0.244941424116471,NA,NA,NA,NA,11.9414322656611,14.8707506598209,15.0449950885904,NA,NA,NA,NA,0.893669361063806,0,0,0,0,0,0,0,0,0,0,0,0,0,0,0,0,-1,-1,-1,-1,0,0,0,0,0,0,0,0,0,0,0,0
Mgp,Mgp,-2.2758,150.8,-68847,3.471,NA,NA,NA,NA,0,0,-1,0,NA,NA,NA,NA,0.313960959966262,0.398301307593908,0.0303706944536144,0.1475454296294,NA,NA,NA,NA,11.908799946182,14.9548238823435,14.9615057912188,NA,NA,NA,NA,0.886067902091995,0,0,0,0,0,0,0,0,0,0,0,0,0,0,0,0,0,-1,-1,0,0,0,0,0,0,0,0,0,0,0,0,0
Cdh5,Cdh5,-3.6069,201.85,-3274.3,-2.058,1.199,NA,NA,NA,0,0,-1,0,0,NA,NA,NA,0.133630785945088,0.359498522205807,0.0337109525267442,0.268261924882361,0.41789424497566,NA,NA,NA,11.9447324325294,14.866139926238,15.0410246416029,21.6419320995065,NA,NA,NA,0.874266512594755,0,0,0,0,0,0,0,0,0,0,0,0,0,0,0,0,0,-1,0,-1,0,0,0,0,0,0,0,0,0,0,0,0
Thbd,Thbd,-14.816,372.37,-8536.3,3.4383,NA,NA,NA,NA,0,0,-1,0,NA,NA,NA,NA,0.1204550690257,0.325867097848934,0.0282250351970308,0.265956852652135,NA,NA,NA,NA,11.834883401182,14.9184930516442,15.0488681302963,NA,NA,NA,NA,0.866655253203044,0,0,0,0,0,0,0,0,0,0,0,0,0,0,0,0,-1,-1,-1,-1,0,0,0,0,0,0,0,0,0,0,0,0
Pdlim2,Pdlim2,-0.93028,96.604,-1304.7,0.39628,1.1747,NA,NA,NA,0,0,-1,0,0,NA,NA,NA,0.235026769037086,0.234810624776217,0.0354486964067875,0.376206459793856,0.323981669081454,NA,NA,NA,11.894600789061,14.8309260491169,15.0416369314442,23.1496867096717,NA,NA,NA,0.865031630908168,0,0,0,0,0,0,0,0,0,0,0,0,0,0,0,0,0,-1,0,-1,0,0,0,0,0,0,0,0,0,0,0,0
Itga8,Itga8,0.14733,60.098,-2894.8,1.0224,NA,NA,NA,NA,0,1,0,0,NA,NA,NA,NA,0.46684116768312,0.0269634186928139,0.178588628645567,0.242041196227261,NA,NA,NA,NA,11.9961863455743,14.9863903264981,15.0525273444303,NA,NA,NA,NA,0.864605748092276,0,0,0,0,0,0,0,0,0,0,0,1,1,1,0,1,0,1,0,0,0,0,0,0,0,0,0,0,0,0,0,0
Gata3,Gata3,0.039953,5173.9,-13.005,0.072348,NA,NA,NA,NA,0,1,0,0,NA,NA,NA,NA,0.421326210929409,0.0427318802609131,0.406785642987839,0.435192326279758,NA,NA,NA,NA,15.045660384158,15.053133116781,18.0654388465884,NA,NA,NA,NA,0.864390078924832,0,0,0,0,0,0,0,0,0,0,0,0,0,0,0,0,0,1,0,1,0,0,0,0,0,0,0,0,0,0,0,0
Crip2,Crip2,-6.715,261.48,-5696.2,1.3348,NA,NA,NA,NA,0,0,-1,0,NA,NA,NA,NA,0.16842209030821,0.318429959838963,0.0293596062966685,0.345682656153877,NA,NA,NA,NA,11.9150399527919,14.9088193031011,15.0448461042553,NA,NA,NA,NA,0.847050189085791,0,0,0,0,0,0,0,0,0,0,0,0,0,0,0,0,-1,-1,-1,-1,0,0,0,0,0,0,0,0,0,0,0,0
Tspan9,Tspan9,-5.9153,77.635,-2908.7,2.0676,NA,NA,NA,NA,0,0,-1,0,NA,NA,NA,NA,0.119957382669646,0.401424265858229,0.0355484411499284,0.177637944961752,NA,NA,NA,NA,11.9042317751232,14.9732457076872,15.0525372579284,NA,NA,NA,NA,0.842873326881094,0,0,0,0,0,0,0,0,0,0,0,0,0,0,0,0,-1,-1,0,-1,0,0,0,0,0,0,0,0,0,0,0,0
Myzap,Myzap,-1.1282,79.75,-14749,0.017653,NA,NA,NA,NA,0,0,-1,0,NA,NA,NA,NA,0.252348782429763,0.304851279523966,0.0379114625724037,0.490287560916762,NA,NA,NA,NA,11.9422161066772,14.932915313078,14.9484528741443,NA,NA,NA,NA,0.837247374508298,0,0,0,0,0,0,0,0,0,0,0,0,0,0,0,0,0,-1,-1,0,0,0,0,0,0,0,0,0,0,0,0,0
Sema3c,Sema3c,-0.086535,106.43,-4122.7,2.6039,NA,NA,NA,NA,0,1,0,0,NA,NA,NA,NA,0.492359165857648,0.0306653008268337,0.136253559885588,0.231888753945562,NA,NA,NA,NA,11.9421705813031,14.9738322318672,15.0582735798335,NA,NA,NA,NA,0.830583953261302,0,0,0,0,0,0,0,0,0,0,0,1,1,1,1,1,0,1,0,0,0,0,0,0,0,0,0,0,0,0,0,0
Irx5,Irx5,-0.053377,6.191,-241.34,14.022,-0.34732,NA,NA,NA,0,0,-1,0,0,NA,NA,NA,0.398947283600387,0.454700864898317,0.0325941599894715,0.390683054923098,0.173461227236885,NA,NA,NA,11.9708163840792,14.9732735120236,15.2134423409189,18.1952091548151,NA,NA,NA,0.82522506421635,0,0,0,0,0,0,0,0,0,0,0,0,0,0,0,0,-1,-1,-1,-1,0,0,0,0,0,0,0,0,0,0,0,0
Nab2,Nab2,-0.1208,7469.4,NA,NA,NA,NA,NA,NA,0,1,NA,NA,NA,NA,NA,NA,0.323219839396474,0.0373282186870644,NA,NA,NA,NA,NA,NA,26.9936266609732,NA,NA,NA,NA,NA,NA,0.821225512749152,0,0,0,0,0,0,0,0,0,0,0,0,0,0,0,0,0,0,0,0,0,0,0,0,0,0,0,0,0,0,1,1
Fgf1,Fgf1,-5.389,84.345,-1942.3,2.4352,NA,NA,NA,NA,-1,0,-1,0,NA,NA,NA,NA,0.086263306111297,0.341523059251187,0.0352139735437936,0.104028874096027,NA,NA,NA,NA,11.6966627214053,14.9102463832514,15.0442526700548,NA,NA,NA,NA,0.819300015503966,-1,-1,-1,-1,-1,-1,-1,-1,-1,-1,-1,0,0,0,0,0,-1,-1,0,-1,0,0,0,0,0,0,0,0,0,0,0,0
Tbx3,Tbx3,2.305,-28.128,43.377,-4015.7,1.2893,NA,NA,NA,0,0,1,0,0,NA,NA,NA,0.289539355230184,0.472780382078448,0.0314846816581332,0.11730728437632,0.182483746262587,NA,NA,NA,8.7494186127104,10.8309104177341,15.0136048633789,15.0488039769342,NA,NA,NA,0.818508093210064,0,0,0,0,0,0,0,0,0,0,0,1,1,1,1,1,0,1,0,0,0,0,0,0,0,0,0,0,0,0,0,0
Tmem204,Tmem204,-4.5788,51.683,-2183,1.6163,NA,NA,NA,NA,0,0,-1,0,NA,NA,NA,NA,0.113827297194484,0.409723225477932,0.0346222895152171,0.168162923670089,NA,NA,NA,NA,11.6274164863025,14.972745518048,15.0494331524061,NA,NA,NA,NA,0.817949896533821,0,0,0,0,0,0,0,0,0,0,0,0,0,0,0,0,-1,-1,0,-1,0,0,0,0,0,0,0,0,0,0,0,0
Lipg,Lipg,0.1544,36.59,-652.41,38.74,-0.07299,NA,NA,NA,0,0,-1,0,0,NA,NA,NA,0.3895021265333,0.400743292833149,0.0316657497878377,0.385498464348992,0.45823399510015,NA,NA,NA,11.9511626345908,14.8812317653988,15.209952165566,18.0322148131234,NA,NA,NA,0.813056867480301,0,0,0,0,0,0,0,0,0,0,0,0,0,0,0,0,-1,-1,-1,-1,0,0,0,0,0,0,0,0,0,0,0,0
Sod3,Sod3,-6.6245,126.87,-5332.9,5.4263,NA,NA,NA,NA,0,1,0,0,NA,NA,NA,NA,0.190418692481175,0.032214476256687,0.132424858224833,0.156701653590696,NA,NA,NA,NA,11.7741635692171,14.9852319537052,15.0634556641521,NA,NA,NA,NA,0.807921929797114,0,0,0,0,0,0,0,0,0,0,0,1,1,1,1,1,0,1,0,0,0,0,0,0,0,0,0,0,0,0,0,0
Dusp14,Dusp14,0.4175,8.8172,-382.13,-0.1748,NA,NA,NA,NA,0,1,0,0,NA,NA,NA,NA,0.23255339375836,0.0383763580740754,0.251691189857672,0.276524758412272,NA,NA,NA,NA,11.5916401295571,14.9788757947137,15.0563081315967,NA,NA,NA,NA,0.795407938766407,0,0,0,0,0,0,0,0,0,0,0,1,1,1,1,1,0,1,0,0,0,0,0,0,0,0,0,0,0,0,0,0
Npr1,Npr1,-6.3754,109.62,-1705.8,0.24415,NA,NA,NA,NA,-1,0,-1,0,NA,NA,NA,NA,0.0761962797821693,0.309960656616679,0.0414559825613467,0.411739538302994,NA,NA,NA,NA,11.7972533500452,14.860991431994,15.044666343347,NA,NA,NA,NA,0.787831523596696,-1,-1,-1,-1,-1,-1,-1,-1,-1,-1,-1,0,0,0,0,0,-1,-1,0,-1,0,0,0,0,0,0,0,0,0,0,0,0
Afap1l1,Afap1l1,-5.7336,69.832,-7619,1.9379,NA,NA,NA,NA,0,1,0,0,NA,NA,NA,NA,0.150758689495596,0.0380694059706121,0.12062909988831,0.221979607082432,NA,NA,NA,NA,11.392443123708,15.0182170544699,15.0491805501314,NA,NA,NA,NA,0.780509404627158,0,0,0,0,0,0,0,0,0,0,0,1,1,1,1,1,0,1,0,0,0,0,0,0,0,0,0,0,0,0,0,0
Csrp3,Csrp3,-0.22267,8.6914,-335.68,34.033,-0.49046,NA,NA,NA,0,1,0,0,0,NA,NA,NA,0.315841370855057,0.0354852966122302,0.155123546974973,0.348192229255864,0.198555453149162,NA,NA,NA,11.8423575677084,14.9732477707371,15.3265304587653,18.1699869074783,NA,NA,NA,0.77962984395929,0,0,0,0,0,0,0,0,0,0,0,1,1,1,1,1,0,1,0,0,0,0,0,0,0,0,0,0,0,0,0,0
Smad6,Smad6,-3.9477,688.98,-1337.4,-0.24998,NA,NA,NA,NA,-1,0,-1,0,NA,NA,NA,NA,0.087960446901971,0.12938839188601,0.0461958438613709,0.400558783662875,NA,NA,NA,NA,11.9976604277437,14.0230706127163,15.0508052974839,NA,NA,NA,NA,0.779343759454836,-1,-1,-1,-1,-1,-1,-1,-1,-1,-1,-1,0,0,0,-1,0,-1,-1,0,-1,0,0,0,0,0,0,0,0,0,0,0,0
Ramp2,Ramp2,-1.8077,-203.93,47.886,-1682.3,1.952,NA,NA,NA,0,0,0,-1,0,NA,NA,NA,0.360433996543055,0.359436075861837,0.427351257906284,0.0453969362363769,0.184717770628772,NA,NA,NA,8.89532615506737,9.53554122958148,14.9732517782251,15.0659971812396,NA,NA,NA,0.770725868235383,0,0,0,0,0,0,0,0,0,0,0,0,0,0,0,0,-1,-1,-1,-1,0,0,0,0,0,0,0,0,0,0,0,0
Pdzd2,Pdzd2,-2.5653,57.454,-2044.1,1.3166,NA,NA,NA,NA,0,1,0,0,NA,NA,NA,NA,0.176272787745478,0.0370295171739874,0.167229469808887,0.266818623297611,NA,NA,NA,NA,12.0027179190218,14.9767614121857,15.0615922983254,NA,NA,NA,NA,0.769030034287938,0,0,0,0,0,0,0,0,0,0,0,1,1,1,0,0,0,1,0,0,0,0,0,0,0,0,0,0,0,0,0,0
Gm12734,Gm12734,-0.04418,-20.577,0.0061607,429.27,-42.725,0.10451,NA,NA,0,0,0,1,0,0,NA,NA,0.435137374886309,0.355114238411964,0.478693022204259,0.0475404537421773,0.142912376020806,0.313682147527928,NA,NA,8.97834807235617,9.01080275031067,18.0008035565548,18.2749887961102,21.0446538351174,NA,NA,0.768893652972693,0,0,0,0,0,0,0,0,0,0,0,0,0,0,0,0,0,0,0,0,0,1,1,0,0,0,0,0,0,0,0,0
Galnt18,Galnt18,-1.8031,59.706,-1666.2,0.98789,NA,NA,NA,NA,0,0,-1,0,NA,NA,NA,NA,0.220128405517825,0.386375014133852,0.0370595595743881,0.246023887197766,NA,NA,NA,NA,11.9477266347013,14.9388150867516,15.0473500339244,NA,NA,NA,NA,0.76520026499904,0,0,0,0,0,0,0,0,0,0,0,0,0,0,0,0,-1,-1,-1,-1,0,0,0,0,0,0,0,0,0,0,0,0
Alas1,Alas1,0.30125,-459.35,280.36,-1846.7,0.27,NA,NA,NA,0,0,0,-1,0,NA,NA,NA,0.454148927744044,0.272639106180483,0.165468994407812,0.0395306059567744,0.402140870555516,NA,NA,NA,8.98966473953364,10.1270895256963,14.6347778016061,15.0403086303763,NA,NA,NA,0.756642090114476,0,0,0,0,0,0,0,0,0,0,0,0,0,0,0,0,-1,-1,0,-1,0,0,0,0,0,0,0,0,0,0,0,0
Ldb2,Ldb2,-0.47736,15.497,-1386.9,109.48,-1.3031,NA,NA,NA,0,1,-1,0,0,NA,NA,NA,0.315968590585865,0.0426232432393037,0.085494476653099,0.290192766426558,0.167574394305618,NA,NA,NA,11.9446830582724,15.0213084107916,15.2727647773475,18.1086690656074,NA,NA,NA,0.751073365063136,0,0,0,0,0,0,0,0,0,0,0,1,1,1,1,1,-1,1,-1,-1,0,0,0,0,0,0,0,0,0,0,0,0
Ptprb,Ptprb,-12.177,166.61,-5396.4,0.54836,NA,NA,NA,NA,0,0,-1,0,NA,NA,NA,NA,0.158643412269507,0.424343852919856,0.0471483171557115,0.459407789756361,NA,NA,NA,NA,11.7433034085013,14.966239442823,15.06075076599,NA,NA,NA,NA,0.737335630001605,0,0,0,0,0,0,0,0,0,0,0,0,0,0,0,0,-1,-1,-1,-1,0,0,0,0,0,0,0,0,0,0,0,0
Ogn,Ogn,-4.2206,250.98,-2031.1,4.8313,-1.3829,NA,NA,NA,0,0,-1,0,0,NA,NA,NA,0.127746312269057,0.202949363498323,0.0480187858568599,0.223020757087844,0.295377168938606,NA,NA,NA,11.911300688365,14.7019035903459,15.0415198174093,20.4391345124252,NA,NA,NA,0.727718404459517,0,0,0,0,0,0,0,0,0,0,0,0,0,0,0,0,0,-1,0,-1,0,0,0,0,0,0,0,0,0,0,0,0
Mid1,Mid1,3.577,-2.8504,747.39,-2816.9,791.4,-22.142,NA,NA,1,0,1,0,0,0,NA,NA,0.0930089477841482,0.181144048624479,0.0840721292021036,0.126609617463812,0.186260081247732,0.4612536611949,NA,NA,9.23259781666875,17.9548924064496,20.389689246375,21.6835150671801,24.0915569859203,NA,NA,0.71799238807463,1,1,1,1,1,1,1,1,1,1,1,0,0,0,0,0,0,0,0,0,1,1,1,1,0,0,0,0,0,0,0,0
Cxcl12,Cxcl12,-9.56,90.105,-2116.6,-0.30578,NA,NA,NA,NA,-1,0,-1,0,NA,NA,NA,NA,0.0826008644987995,0.394879362751811,0.0648435223835683,0.424403988460688,NA,NA,NA,NA,11.4226652158289,14.9214850947899,15.0434821030904,NA,NA,NA,NA,0.716716660918277,-1,-1,-1,-1,-1,-1,-1,-1,-1,-1,-1,0,0,0,0,0,0,-1,0,-1,0,0,0,0,0,0,0,0,0,0,0,0
Eng,Eng,-29.94,643.66,-7720.4,2.8121,NA,NA,NA,NA,-1,0,-1,0,NA,NA,NA,NA,0.0879154503690434,0.299131407624452,0.0467148549452406,0.349009826007484,NA,NA,NA,NA,11.8324142117871,14.8085356611921,15.0446490547774,NA,NA,NA,NA,0.715954793538035,-1,-1,-1,-1,-1,-1,-1,-1,-1,-1,-1,0,0,0,0,0,-1,-1,-1,-1,0,0,0,0,0,0,0,0,0,0,0,0
Tspan11,Tspan11,-1.622,106,-743.54,0.67176,NA,NA,NA,NA,0,0,-1,0,NA,NA,NA,NA,0.12312577242691,0.170306310392534,0.0513718718653446,0.159000539369164,NA,NA,NA,NA,11.9056533863872,14.6240871394853,15.005633070743,NA,NA,NA,NA,0.715812987888618,0,0,0,0,0,0,0,0,0,0,0,0,0,0,0,0,-1,-1,0,-1,0,0,0,0,0,0,0,0,0,0,0,0
Megf6,Megf6,-1.6672,33.302,-965.77,0.011341,NA,NA,NA,NA,0,0,-1,0,NA,NA,NA,NA,0.178228814402027,0.405186187710916,0.0453770098406599,0.494648123629839,NA,NA,NA,NA,11.7176895987004,14.9447766187701,15.0459003608411,NA,NA,NA,NA,0.712849507708733,0,0,0,0,0,0,0,0,0,0,0,0,0,0,0,0,-1,-1,-1,-1,0,0,0,0,0,0,0,0,0,0,0,0
Col1a1,Col1a1,-27.241,372.88,-7653.3,3.1036,NA,NA,NA,NA,-1,0,-1,0,NA,NA,NA,NA,0.0914372538017317,0.366095626172306,0.0570451318819954,0.290166908213695,NA,NA,NA,NA,11.6864431400966,14.898762456643,15.0442242588981,NA,NA,NA,NA,0.711668446666607,-1,-1,-1,-1,-1,-1,-1,-1,-1,-1,-1,0,0,0,0,0,0,-1,0,-1,0,0,0,0,0,0,0,0,0,0,0,0
Agpat4,Agpat4,-1.042,15.838,-824.84,0.89399,NA,NA,NA,NA,0,1,0,0,NA,NA,NA,NA,0.203798306848865,0.0442655630205309,0.245419866346155,0.14238052425297,NA,NA,NA,NA,11.595124874735,14.9803313373021,15.0496059029903,NA,NA,NA,NA,0.694716407341561,0,0,0,0,0,0,0,0,0,0,0,1,1,1,1,1,0,1,0,0,0,0,0,0,0,0,0,0,0,0,0,0
Gm13582,Gm13582,0.016975,729.82,-4.6964,-0.060818,NA,NA,NA,NA,0,0,-1,0,NA,NA,NA,NA,0.486197827263409,0.411300968279366,0.054861483161135,0.359878653542276,NA,NA,NA,NA,9.0002048278294,9.02280503025854,12.4537148190896,NA,NA,NA,NA,0.6842360651976,0,0,0,0,0,0,0,0,-1,0,0,-1,-1,-1,-1,-1,0,0,0,0,0,0,0,0,0,0,0,0,0,0,0,0
Rnf145,Rnf145,-6.2991,340.53,-1363.2,0.38546,3.8931,NA,NA,NA,-1,0,-1,0,0,NA,NA,NA,0.0836619151760744,0.15166429006296,0.0671870397583729,0.437439488181169,0.24656796586296,NA,NA,NA,11.8749708461335,14.4309714463575,15.041800131613,23.4378477732994,NA,NA,NA,0.677371950816294,-1,-1,-1,-1,-1,-1,-1,-1,-1,-1,-1,0,0,0,0,0,0,-1,0,-1,0,0,0,0,0,0,0,0,0,0,0,0
Gm19708,Gm19708,-0.02764,1.9134,-128.78,0.13575,-0.058925,NA,NA,NA,0,1,0,0,0,NA,NA,NA,0.458187066852691,0.0471705122354076,0.285033168819754,0.266725398457957,0.249554989464426,NA,NA,NA,5.99427740649089,8.99268208802436,9.04148564162936,17.5930380662318,NA,NA,NA,0.675306406322923,0,0,0,1,0,1,0,0,0,0,1,0,0,0,0,0,0,0,0,0,0,0,0,0,0,0,0,0,0,0,0,0
Gm49327,Gm49327,-249.15,0.072554,NA,NA,NA,NA,NA,NA,-1,0,NA,NA,NA,NA,NA,NA,0.0608428802063078,0.19148392741397,NA,NA,NA,NA,NA,NA,3.0164831716681,NA,NA,NA,NA,NA,NA,0.673655654200148,0,-1,-1,0,0,0,0,0,0,0,0,0,0,0,0,0,0,0,0,0,0,0,0,0,0,0,0,0,0,0,0,0
Gpihbp1,Gpihbp1,-3.9688,89.801,-929.13,-0.58606,NA,NA,NA,NA,-1,0,-1,0,NA,NA,NA,NA,0.0908481715456,0.296264025474629,0.0676895181804269,0.248227409569918,NA,NA,NA,NA,11.8455125545405,14.7776087602572,15.0406358029243,NA,NA,NA,NA,0.663672508710977,-1,-1,-1,-1,-1,-1,-1,-1,-1,-1,-1,0,0,0,0,0,0,-1,0,-1,0,0,0,0,0,0,0,0,0,0,0,0
Aplnr,Aplnr,-3.455,142.85,-1045.5,-0.50701,NA,NA,NA,NA,0,0,-1,0,NA,NA,NA,NA,0.139597615385599,0.275865333658069,0.0592524912713964,0.356305359136297,NA,NA,NA,NA,11.8602557970374,14.6862756096291,15.0603989031903,NA,NA,NA,NA,0.660989678886415,0,0,0,0,0,0,0,0,0,0,0,0,0,0,0,0,-1,-1,-1,-1,0,0,0,0,0,0,0,0,0,0,0,0
A530020G20Rik,A530020G20Rik,50.097,-1190.6,0.035211,NA,NA,NA,NA,NA,0,-1,0,NA,NA,NA,NA,NA,0.44962571915091,0.0692097514887078,0.418135346547499,NA,NA,NA,NA,NA,5.84883253375005,5.97269624532384,NA,NA,NA,NA,NA,0.660744616279535,0,0,0,0,-1,-1,0,0,0,0,0,0,0,0,0,0,0,0,0,0,0,0,0,0,0,0,0,0,0,0,0,0
Nr3c1,Nr3c1,-5.3892,19.883,-371.37,6.1219,NA,NA,NA,NA,0,1,0,1,NA,NA,NA,NA,0.126337942460403,0.0603731526080303,0.200892222602803,0.0937596089954239,NA,NA,NA,NA,10.9111219523673,17.6931028683443,18.0530207478343,NA,NA,NA,NA,0.655705161799408,0,0,0,0,0,0,0,0,0,0,0,1,1,1,1,1,1,1,1,1,1,0,0,0,1,1,1,1,1,1,1,1
Ecscr,Ecscr,-0.82984,442.89,-504.59,0.14794,NA,NA,NA,NA,0,0,-1,0,NA,NA,NA,NA,0.151456983624521,0.167856099636706,0.071637000283536,0.367232599777002,NA,NA,NA,NA,12.0176287550442,13.6334897248813,15.0481059042792,NA,NA,NA,NA,0.648695852021493,0,0,0,0,0,0,0,0,0,0,0,0,0,0,0,0,0,-1,0,-1,0,0,0,0,0,0,0,0,0,0,0,0
Mcam,Mcam,-6.0165,131.33,-1539.9,0.25599,NA,NA,NA,NA,0,0,-1,0,NA,NA,NA,NA,0.103247258993896,0.322089332693664,0.0548605469515865,0.438370789921896,NA,NA,NA,NA,11.7898872628028,14.805711804421,15.0459857889441,NA,NA,NA,NA,0.644730303962448,0,0,0,0,0,0,0,0,0,0,0,0,0,0,0,0,-1,-1,-1,-1,0,0,0,0,0,0,0,0,0,0,0,0
Olfr1415,Olfr1415,0.13328,-986.59,77.498,-322.43,0.0025102,NA,NA,NA,0,0,0,-1,0,NA,NA,NA,0.297175140406567,0.35709237715059,0.172949394298046,0.0635247602387978,0.495700531547068,NA,NA,NA,12.0492052578103,12.2643431651247,17.4378679701348,18.0226722721055,NA,NA,NA,0.644279419719562,0,0,0,0,0,0,0,0,0,0,0,0,0,0,0,0,0,0,0,0,0,-1,0,-1,0,0,0,0,0,0,0,0
Adcy4,Adcy4,-1.6508,22.6,-1484.3,320.2,-0.21458,NA,NA,NA,0,1,0,0,0,NA,NA,NA,0.213897807482237,0.0521807365299454,0.136489787505552,0.284975005568124,0.436328861282748,NA,NA,NA,11.4487588756774,15.0006596697149,15.5731176277569,18.0135006039952,NA,NA,NA,0.643290855372926,0,0,0,0,0,0,0,0,0,0,0,1,1,1,1,1,0,1,0,0,0,0,0,0,0,0,0,0,0,0,0,0
Popdc2,Popdc2,-0.087531,17.992,-192.76,0.37024,NA,NA,NA,NA,0,0,-1,0,NA,NA,NA,NA,0.404105196374291,0.324399213367197,0.05594000537482,0.145293432283028,NA,NA,NA,NA,11.9384588437367,14.7941986299662,15.0646371270534,NA,NA,NA,NA,0.641920675852224,0,0,0,0,0,0,0,0,0,0,0,0,0,0,0,0,-1,-1,-1,-1,0,0,0,0,0,0,0,0,0,0,0,0
Amot,Amot,0.66804,-76.757,55.096,-1584.2,1965.2,-0.1768,NA,NA,0,0,0,-1,0,0,NA,NA,0.249491518186219,0.199712439078289,0.387032211481211,0.0617545985137083,0.340311736526909,0.421332196108613,NA,NA,11.9127267845755,13.2240079821076,17.8915498689639,18.0045350141754,18.0157323740323,NA,NA,0.640373387010265,0,0,0,0,0,0,0,0,0,0,0,0,0,0,0,0,0,0,0,0,0,-1,0,-1,0,0,0,0,0,0,0,0
Zfp36,Zfp36,-4.5059,0.52151,14.979,NA,NA,NA,NA,NA,0,0,1,NA,NA,NA,NA,NA,0.126628723917441,0.30744239138211,0.0777513501260564,NA,NA,NA,NA,NA,9.01898578366548,23.4009460240291,NA,NA,NA,NA,NA,0.63371545975929,0,0,0,0,0,0,0,0,0,0,0,0,0,0,0,0,0,0,0,0,0,0,0,0,0,0,0,1,1,1,1,1
Zbtb32,Zbtb32,638.66,-11.702,0.38623,-55.156,1.0516,NA,NA,NA,1,0,0,0,0,NA,NA,NA,0.048470119324282,0.471139564719238,0.259895584047099,0.467886885250605,0.177986671136134,NA,NA,NA,3.01086587088978,6.12945434316961,17.9953739032024,18.1399932638001,NA,NA,NA,0.633503929342558,1,1,1,0,0,0,0,0,0,0,0,0,0,0,0,0,0,0,0,0,0,0,0,0,0,0,0,0,0,0,0,0
Elovl5,Elovl5,-4.0719,32.136,-1406.9,948.52,-3.0613,NA,NA,NA,0,0,-1,0,0,NA,NA,NA,0.143140588343369,0.450529402232199,0.0538820307380286,0.179612142972502,0.150904505607425,NA,NA,NA,11.2652805573199,14.972948510758,16.2316989564866,18.0138208768613,NA,NA,NA,0.633271975559475,0,0,0,0,0,0,0,0,0,0,0,0,0,0,0,0,-1,-1,-1,-1,0,0,0,0,0,0,0,0,0,0,0,0
Tspan12,Tspan12,-2.8372,203.65,-1583.1,-0.20186,NA,NA,NA,NA,0,0,-1,0,NA,NA,NA,NA,0.190529800506673,0.247803050220125,0.0535212677168026,0.448992696365448,NA,NA,NA,NA,11.9022623959792,14.691527640083,15.0417022824289,NA,NA,NA,NA,0.629127608647541,0,0,0,0,0,0,0,0,0,0,0,0,0,0,0,0,-1,-1,-1,-1,0,0,0,0,0,0,0,0,0,0,0,0
Gm10277,Gm10277,-2751.6,-0.19204,NA,NA,NA,NA,NA,NA,-1,0,NA,NA,NA,NA,NA,NA,0.0823209582988384,0.224993229034706,NA,NA,NA,NA,NA,NA,2.98496217050827,NA,NA,NA,NA,NA,NA,0.624101554067545,-1,-1,0,0,0,0,0,0,0,0,0,0,0,0,0,0,0,0,0,0,0,0,0,0,0,0,0,0,0,0,0,0
Dab2ip,Dab2ip,-4.7536,205.84,-931.78,0.17865,NA,NA,NA,NA,-1,0,-1,0,NA,NA,NA,NA,0.0907674977410017,0.194732589719787,0.0653899773230256,0.427275758324791,NA,NA,NA,NA,11.9154112576117,14.4957462257648,15.0495198123779,NA,NA,NA,NA,0.62221904271427,-1,-1,-1,-1,-1,-1,-1,-1,-1,-1,-1,0,0,0,0,0,-1,-1,0,-1,0,0,0,0,0,0,0,0,0,0,0,0
Lag3,Lag3,-0.021443,348.21,NA,NA,NA,NA,NA,NA,0,1,NA,NA,NA,NA,NA,NA,0.422836263000631,0.0568556094202813,NA,NA,NA,NA,NA,NA,26.9609541181487,NA,NA,NA,NA,NA,NA,0.621939028425352,0,0,0,0,0,0,0,0,0,0,0,0,0,0,0,0,0,0,0,0,0,0,0,0,0,0,0,0,0,1,1,1
Ckm,Ckm,10.756,-601.35,130.82,-0.086145,NA,NA,NA,NA,1,-1,0,0,NA,NA,NA,NA,0.0633190024384496,0.07317469158414,0.361563119561696,0.385774633565136,NA,NA,NA,NA,5.97466646313661,6.55663128266382,9.01363038433725,NA,NA,NA,NA,0.6217523197952,1,1,1,1,-1,-1,-1,0,0,0,0,0,0,0,0,0,0,0,0,0,0,0,0,0,0,0,0,0,0,0,0,0
Dpp4,Dpp4,-2.977,29.347,-1321.1,10.073,-0.089376,NA,NA,NA,0,1,0,0,0,NA,NA,NA,0.169154885520044,0.0536212970378014,0.298261609216654,0.155221321936639,0.479984675912273,NA,NA,NA,11.5073027420445,14.9737133381718,15.0540704239926,18.0065884594282,NA,NA,NA,0.620016336567618,0,0,0,0,0,0,0,0,0,0,0,1,1,1,1,1,0,1,0,0,0,0,0,0,0,0,0,0,0,0,0,0
Plscr1,Plscr1,-0.85461,14.11,-609.72,2.4656,-2.9643,NA,NA,NA,0,1,0,0,0,NA,NA,NA,0.158607053319143,0.0508012416663898,0.282717967505054,0.120173286087712,0.161271943322847,NA,NA,NA,12.0059964680655,14.9811686709238,15.0549917947389,21.9371360091079,NA,NA,NA,0.619213961986311,0,0,0,0,0,0,0,0,0,0,0,1,1,0,0,0,0,1,0,0,0,0,0,0,0,0,0,0,0,0,0,0
Fam120c,Fam120c,2.5235,-405.63,227.05,-0.85418,NA,NA,NA,NA,1,0,0,0,NA,NA,NA,NA,0.0858749514389163,0.136572373333964,0.139551712666807,0.186163020633326,NA,NA,NA,NA,11.9501161837749,13.0898131882357,15.0790170379974,NA,NA,NA,NA,0.6156010826595,1,1,1,1,1,1,1,1,1,1,1,0,0,0,1,0,0,0,0,0,0,0,0,0,0,0,0,0,0,0,0,0
Gipc2,Gipc2,0.12248,6.6941,-312.73,1.1005,-0.95799,NA,NA,NA,0,1,0,0,0,NA,NA,NA,0.377872530901423,0.0517911250715116,0.285438845608542,0.138170753048322,0.232610102334338,NA,NA,NA,11.9939333931072,14.9765211394439,15.0522021548784,21.3701197134478,NA,NA,NA,0.615587566395653,0,0,0,0,0,0,0,0,0,0,0,1,1,1,0,1,0,1,0,0,0,0,0,0,0,0,0,0,0,0,0,0
Plp1,Plp1,-5.8291,0.22504,NA,NA,NA,NA,NA,NA,-1,0,NA,NA,NA,NA,NA,NA,0.0564198482750143,0.183263953926609,NA,NA,NA,NA,NA,NA,6.51840209285894,NA,NA,NA,NA,NA,NA,0.615011910690957,-1,-1,-1,-1,-1,-1,-1,0,0,0,0,0,0,0,0,0,0,0,0,0,0,0,0,0,0,0,0,0,0,0,0,0
Tigit,Tigit,-0.31282,7.0515,-0.70281,19.494,-1198.6,1.2184,NA,NA,0,0,0,0,-1,0,NA,NA,0.363793029927268,0.447569889056698,0.225329271131123,0.338100821278106,0.070587107226784,0.187766171055717,NA,NA,8.52758348123694,9.25299851999007,17.7633159593762,20.935302688095,20.987518375259,NA,NA,0.61369412203939,0,0,0,0,0,0,0,0,0,0,0,0,0,0,0,0,0,0,0,0,0,0,0,0,-1,-1,-1,0,0,0,0,0
Myh7,Myh7,-0.1041,6.3743,-226.73,0.053567,NA,NA,NA,NA,0,1,0,0,NA,NA,NA,NA,0.387326178607112,0.0505110746333421,0.322531308425268,0.414419560224749,NA,NA,NA,NA,11.9566019917774,14.9735284569524,15.0553199286633,NA,NA,NA,NA,0.609801738351741,0,0,0,0,0,0,0,0,0,0,0,1,1,1,0,1,0,1,0,0,0,0,0,0,0,0,0,0,0,0,0,0
Igkv4-68,Igkv4-68,-0.12314,4397.9,NA,NA,NA,NA,NA,NA,0,1,NA,NA,NA,NA,NA,NA,0.41383111944725,0.0686222006395263,NA,NA,NA,NA,NA,NA,26.9943605388042,NA,NA,NA,NA,NA,NA,0.606352087792074,0,0,0,0,0,0,0,0,0,0,0,0,0,0,0,0,0,0,0,0,0,0,0,0,0,0,0,0,0,1,1,1
Egr1,Egr1,0.90138,64.204,NA,NA,NA,NA,NA,NA,0,1,NA,NA,NA,NA,NA,NA,0.35012017103392,0.0745344844929552,NA,NA,NA,NA,NA,NA,23.7705255856277,NA,NA,NA,NA,NA,NA,0.605385847124365,0,0,0,0,0,0,0,0,0,0,0,0,0,0,0,0,0,0,0,0,0,0,0,0,0,0,0,1,1,1,1,1
Lmo7,Lmo7,-3.4784,31.71,-2761.9,0.70392,NA,NA,NA,NA,0,1,0,0,NA,NA,NA,NA,0.174778802485913,0.0602782609753139,0.213922482198631,0.328295287945509,NA,NA,NA,NA,11.3186123664146,15.0172526710134,15.0562076663027,NA,NA,NA,NA,0.605249186700913,0,0,0,0,0,0,0,0,0,0,0,1,1,1,1,1,0,1,0,0,0,0,0,0,0,0,0,0,0,0,0,0
Gm12374,Gm12374,-0.5573,37.187,-744.47,0.56756,NA,NA,NA,NA,0,0,-1,0,NA,NA,NA,NA,0.120216555588527,0.357211238123585,0.0731697336575487,0.29720804569504,NA,NA,NA,NA,17.8005238797695,20.8824100908843,21.0364360083434,NA,NA,NA,NA,0.604576213820322,0,0,0,0,0,0,0,0,0,0,0,0,0,0,0,0,0,0,0,0,0,0,0,0,-1,0,-1,0,0,0,0,0
Tns1,Tns1,-16.906,197.17,-6840.4,2.5359,NA,NA,NA,NA,0,1,0,0,NA,NA,NA,NA,0.123189220601085,0.0538215694258631,0.32439459592928,0.37211295471074,NA,NA,NA,NA,12.0201137419378,14.9735390703559,15.0554189473734,NA,NA,NA,NA,0.60322085383499,0,0,0,0,0,0,0,0,0,0,0,1,1,0,0,0,0,1,0,0,0,0,0,0,0,0,0,0,0,0,0,0
Scarf2,Scarf2,-1.2275,112.52,-889.4,1.321,NA,NA,NA,NA,0,0,-1,0,NA,NA,NA,NA,0.236767596040272,0.385903015832856,0.0609084359373264,0.192889596026083,NA,NA,NA,NA,11.9446887160877,14.7148745741877,15.0688856785365,NA,NA,NA,NA,0.598574838130923,0,0,0,0,0,0,0,0,0,0,0,0,0,0,0,0,-1,-1,-1,-1,0,0,0,0,0,0,0,0,0,0,0,0
Des,Des,-4.348,481.18,-7238.6,2.2338,-0.69257,NA,NA,NA,0,0,-1,0,0,NA,NA,NA,0.103253725634067,0.291287753471847,0.0996873699111743,0.23932906639306,0.44716110428028,NA,NA,NA,11.9580144857139,14.7976691870612,14.9843129906336,21.0308835104212,NA,NA,NA,0.596205391500312,0,0,0,0,0,0,0,0,0,0,0,0,0,0,0,0,-1,-1,0,0,0,0,0,0,0,0,0,0,0,0,0,0
Myct1,Myct1,-1.0721,64.453,-459.48,0.17192,NA,NA,NA,NA,0,0,-1,0,NA,NA,NA,NA,0.174640176290311,0.258320699905457,0.0624375423847147,0.358627923206934,NA,NA,NA,NA,11.9446808475864,14.6776543035339,15.0503678324019,NA,NA,NA,NA,0.596142375004787,0,0,0,0,0,0,0,0,0,0,0,0,0,0,0,0,-1,-1,0,-1,0,0,0,0,0,0,0,0,0,0,0,0
Socs2,Socs2,-0.760619483758287,NA,NA,NA,NA,NA,NA,NA,-1,NA,NA,NA,NA,NA,NA,NA,0.012922751714963,NA,NA,NA,NA,NA,NA,NA,NA,NA,NA,NA,NA,NA,NA,0.596025482964044,-1,-1,-1,-1,-1,-1,-1,-1,-1,-1,-1,-1,-1,-1,-1,-1,-1,-1,-1,-1,-1,-1,-1,-1,-1,-1,-1,-1,-1,-1,-1,-1
Elovl4,Elovl4,0.31436,-64.7,203.35,-228.85,476.17,-11.293,NA,NA,0,0,1,0,0,0,NA,NA,0.166004653382352,0.317251173872889,0.0714456964463727,0.103195553989344,0.109494804788387,0.426304070574778,NA,NA,14.9572719118669,17.2344542578951,19.5739702072404,23.0566286844733,24.1030967751572,NA,NA,0.595159815674491,0,0,0,0,0,0,0,0,0,0,0,0,0,0,0,0,0,0,0,0,1,1,1,1,0,0,0,0,0,0,0,0
Tubb4b,Tubb4b,3.8052,392.97,-2542,4.4422,NA,NA,NA,NA,0,0,-1,0,NA,NA,NA,NA,0.167703067540968,0.408873072176512,0.0599227974861443,0.129692606909489,NA,NA,NA,NA,12.0137582050811,14.6270316744407,15.0499319458217,NA,NA,NA,NA,0.594622200559622,0,0,0,0,0,0,0,0,0,0,0,0,0,0,0,0,-1,-1,0,-1,0,0,0,0,0,0,0,0,0,0,0,0
Gdf10,Gdf10,-11.442,2.8317,NA,NA,NA,NA,NA,NA,0,1,NA,NA,NA,NA,NA,NA,0.497606545750882,0.0540915224136325,NA,NA,NA,NA,NA,NA,5.8745100800166,NA,NA,NA,NA,NA,NA,0.592555276991388,0,0,0,1,1,1,1,1,1,1,1,1,1,1,1,1,1,1,1,1,1,1,1,1,1,1,1,1,1,1,1,1
Gm39526,Gm39526,0.22489,696.92,-36.859,1.1622,-5.6319,0.57616,NA,NA,0,1,0,0,0,0,NA,NA,0.375890437088517,0.0629322786687644,0.271781590699512,0.178579617481688,0.465053785303533,0.320665596793228,NA,NA,9.00037796269721,9.1496011255343,12.1123038758627,20.3942233985672,21.913595646177,NA,NA,0.590792910036543,0,0,0,0,0,0,0,1,1,0,1,0,0,0,0,0,0,0,0,0,0,0,0,0,0,0,0,0,0,0,0,0
Pitpnc1,Pitpnc1,-1.3305,30.476,-1708.3,-0.71123,NA,NA,NA,NA,0,1,0,0,NA,NA,NA,NA,0.279588836630852,0.059949564535912,0.280427932283478,0.318224843401914,NA,NA,NA,NA,11.9674208180036,14.996365766085,15.0509033819011,NA,NA,NA,NA,0.590720195462725,0,0,0,0,0,0,0,0,0,0,0,1,1,1,0,1,0,1,0,0,0,0,0,0,0,0,0,0,0,0,0,0
Ggt6,Ggt6,-360.87,0.30494,NA,NA,NA,NA,NA,NA,-1,0,NA,NA,NA,NA,NA,NA,0.0553736066958902,0.107345860896145,NA,NA,NA,NA,NA,NA,3.06032270148619,NA,NA,NA,NA,NA,NA,0.589791300730129,-1,-1,-1,0,0,0,0,0,0,0,0,0,0,0,0,0,0,0,0,0,0,0,0,0,0,0,0,0,0,0,0,0
Apoa1,Apoa1,-80.244,716.57,-92.701,73.488,-4.0443,332.86,-470.54,0.065719,0,1,0,0,0,0,0,0,0.434429464385386,0.05780861691627,0.329481289524126,0.338071683781796,0.174787473181155,0.171790840486089,0.157415717487511,0.499908568670807,5.67213004716517,6.31697720716317,10.3301546688322,12.2320356553475,20.9240700371177,22.7774525307888,24.0443792705501,0.589405259046283,0,0,0,1,1,1,1,0,0,0,0,0,0,0,0,0,0,0,0,0,0,0,0,0,0,0,0,0,0,0,0,0
Slc9a3r2,Slc9a3r2,-2.1298,840.7,-3432.4,-2.1017,NA,NA,NA,NA,0,0,-1,0,NA,NA,NA,NA,0.315553697611295,0.371189250824867,0.06510773894967,0.296075719918337,NA,NA,NA,NA,12.0113400883067,14.4592117471285,15.0522923521422,NA,NA,NA,NA,0.588917128711676,0,0,0,0,0,0,0,0,0,0,0,0,0,0,0,0,-1,-1,0,-1,0,0,0,0,0,0,0,0,0,0,0,0
Pcyox1l,Pcyox1l,-1878.6,-0.10922,NA,NA,NA,NA,NA,NA,-1,0,NA,NA,NA,NA,NA,NA,0.0808220769895113,0.335204203466668,NA,NA,NA,NA,NA,NA,3.02346329628909,NA,NA,NA,NA,NA,NA,0.587812325554256,0,-1,-1,0,0,0,0,0,0,0,0,0,0,0,0,0,0,0,0,0,0,0,0,0,0,0,0,0,0,0,0,0
Ckb,Ckb,-2.6096,114.57,-1093.6,0.90869,NA,NA,NA,NA,0,0,-1,0,NA,NA,NA,NA,0.144054179136675,0.304587404327586,0.0682974422620966,0.210923233174115,NA,NA,NA,NA,11.8958020201068,14.7444035147178,15.0294674451126,NA,NA,NA,NA,0.584324273648768,0,0,0,0,0,0,0,0,0,0,0,0,0,0,0,0,0,-1,-1,-1,0,0,0,0,0,0,0,0,0,0,0,0
Kif11,Kif11,0.00015177,293.27,-32.592,0.2813,NA,NA,NA,NA,0,1,0,0,NA,NA,NA,NA,0.499642538148084,0.0678187870117311,0.151490384745896,0.128552565351176,NA,NA,NA,NA,11.9944586153842,12.3015237406828,15.0946990434622,NA,NA,NA,NA,0.583448240479088,0,0,0,0,0,0,0,0,0,0,0,1,0,1,1,0,0,0,0,0,0,0,0,0,0,0,0,0,0,0,0,0
Colgalt1,Colgalt1,-6.6116,0.9045,NA,NA,NA,NA,NA,NA,-1,0,NA,NA,NA,NA,NA,NA,0.0667828613733992,0.20783012642924,NA,NA,NA,NA,NA,NA,11.9786673661777,NA,NA,NA,NA,NA,NA,0.582947388325746,-1,-1,-1,-1,-1,-1,-1,-1,-1,-1,-1,-1,0,-1,0,0,0,0,0,0,0,0,0,0,0,0,0,0,0,0,0,0
Gm26984,Gm26984,-0.04796,156.46,-11.505,-5.5067e-14,NA,NA,NA,NA,0,1,0,0,NA,NA,NA,NA,0.365284963102985,0.0971587904746678,0.389763969598114,0.49999999999997,NA,NA,NA,NA,17.958376758234,18.1706681805337,21.0478422066402,NA,NA,NA,NA,0.581713032081819,0,0,0,0,0,0,0,0,0,0,0,0,0,0,0,0,0,0,0,0,1,1,1,1,0,0,0,0,0,0,0,0
Actn2,Actn2,0.035363,92.107,-405.99,-0.10904,NA,NA,NA,NA,0,0,-1,0,NA,NA,NA,NA,0.474526070208784,0.287163891952489,0.0732541082653262,0.379826130141647,NA,NA,NA,NA,11.9726749953048,14.4764268088769,15.0425346409643,NA,NA,NA,NA,0.581312373004873,0,0,0,0,0,0,0,0,0,0,0,0,0,0,0,0,0,-1,0,-1,0,0,0,0,0,0,0,0,0,0,0,0
Ehd2,Ehd2,-6.422,60.918,-2516.2,90.639,-2.4801,NA,NA,NA,0,0,-1,0,0,NA,NA,NA,0.154476907217462,0.445379389991849,0.0516080105529757,0.455908594257481,0.303433395126847,NA,NA,NA,11.5869832352974,14.9697560929196,15.1454521034415,18.1535821829211,NA,NA,NA,0.579350048514442,0,0,0,0,0,0,0,0,0,0,0,0,0,0,0,0,-1,-1,-1,-1,0,0,0,0,0,0,0,0,0,0,0,0
Slc7a10,Slc7a10,-0.90339,12.489,-885.62,0.66314,NA,NA,NA,NA,0,1,0,0,NA,NA,NA,NA,0.222650814520277,0.0547801511098365,0.230820561865897,0.179703223450895,NA,NA,NA,NA,11.6477222101969,15.003550332389,15.0526229724051,NA,NA,NA,NA,0.57867541454749,0,0,0,0,0,0,0,0,0,0,0,1,1,1,1,1,0,1,0,0,0,0,0,0,0,0,0,0,0,0,0,0
Slc5a9,Slc5a9,0.48133,-0.13148,255.27,-9114.5,243.19,NA,NA,NA,0,0,1,0,0,NA,NA,NA,0.218035025097113,0.3800242184539,0.062991281614158,0.113956132576554,0.238352238541339,NA,NA,NA,9.5154209417912,20.9581663020896,23.9047372198766,24.0651597201781,NA,NA,NA,0.578459605757568,0,0,0,0,0,0,0,0,0,0,0,0,0,0,0,0,0,0,0,0,0,0,0,0,1,1,1,0,0,0,0,0
Adh1,Adh1,3.62003314994054,NA,NA,NA,NA,NA,NA,NA,1,NA,NA,NA,NA,NA,NA,NA,3.03583835940844e-07,NA,NA,NA,NA,NA,NA,NA,NA,NA,NA,NA,NA,NA,NA,0.5736012719629,1,1,1,1,1,1,1,1,1,1,1,1,1,1,1,1,1,1,1,1,1,1,1,1,1,1,1,1,1,1,1,1
Gm21596,Gm21596,-229.94,-0.010543,NA,NA,NA,NA,NA,NA,-1,0,NA,NA,NA,NA,NA,NA,0.0683046583051083,0.419136495246612,NA,NA,NA,NA,NA,NA,2.99300348524549,NA,NA,NA,NA,NA,NA,0.569607096306914,-1,-1,-1,0,0,0,0,0,0,0,0,0,0,0,0,0,0,0,0,0,0,0,0,0,0,0,0,0,0,0,0,0
Pcdh1,Pcdh1,-3.3739,38.09,-4409.3,1.6597,NA,NA,NA,NA,0,1,0,0,NA,NA,NA,NA,0.215799391369143,0.0639630772021816,0.180352269264654,0.234035171984129,NA,NA,NA,NA,11.4698569668001,15.0255922792869,15.056387154,NA,NA,NA,NA,0.566992909503397,0,0,0,0,0,0,0,0,0,0,0,1,1,1,1,1,0,1,0,0,0,0,0,0,0,0,0,0,0,0,0,0
Sdc1,Sdc1,6.8571,-421.81,87.86,-2097.5,3.3073,NA,NA,NA,0,0,0,-1,0,NA,NA,NA,0.22870819788221,0.320815805719996,0.414475774442869,0.064213860066465,0.150316213307554,NA,NA,NA,8.96826150568396,9.51359127604545,14.9194384336577,15.0481434268608,NA,NA,NA,0.565665412875675,0,0,0,0,0,0,0,0,0,0,0,0,0,0,0,0,-1,-1,0,-1,0,0,0,0,0,0,0,0,0,0,0,0
Adam33,Adam33,-20.525,1.1696,NA,NA,NA,NA,NA,NA,-1,0,NA,NA,NA,NA,NA,NA,0.0637469541017888,0.147303997154717,NA,NA,NA,NA,NA,NA,6.69974775877607,NA,NA,NA,NA,NA,NA,0.564228437172917,-1,-1,-1,-1,-1,-1,-1,0,0,0,0,0,0,0,0,0,0,0,0,0,0,0,0,0,0,0,0,0,0,0,0,0
Rpf2,Rpf2,1.2692,-7.8798,8.0916,-1.2535,NA,NA,NA,NA,0,0,0,-1,NA,NA,NA,NA,0.119058600372034,0.451856877978262,0.45769912180777,0.0799182426359291,NA,NA,NA,NA,10.7372147303573,13.8026250334766,16.9619993734795,NA,NA,NA,NA,0.562308870974526,0,0,0,0,0,0,0,0,0,0,0,0,0,0,0,0,0,0,0,0,-1,-1,-1,-1,-1,-1,-1,-1,-1,-1,-1,-1
Gm16001,Gm16001,3.4207,-163.27,36.006,-10.586,0.33024,-5.2191,-0.034889,NA,1,0,0,0,0,0,0,NA,0.0538639685033432,0.171304561664556,0.186971339477106,0.328154727001562,0.263319042475654,0.457058216260785,0.476021657277747,NA,5.9856132096704,6.57722794728606,9.65652255759114,12.1264913911593,20.9639415546645,21.1853588780167,NA,0.560933732835647,1,1,1,1,0,0,0,0,0,0,0,0,0,0,0,0,0,0,0,0,0,0,0,0,0,0,0,0,0,0,0,0
Blk,Blk,-11682,0.21679,NA,NA,NA,NA,NA,NA,-1,0,NA,NA,NA,NA,NA,NA,0.0654085256134953,0.134803761583185,NA,NA,NA,NA,NA,NA,2.94381070248421,NA,NA,NA,NA,NA,NA,0.560047186953903,-1,-1,0,0,0,0,0,0,0,0,0,0,0,0,0,0,0,0,0,0,0,0,0,0,0,0,0,0,0,0,0,0
Gsn,Gsn,-68.635,1055.3,-30383,6361.9,-4.6983,NA,NA,NA,0,0,-1,0,0,NA,NA,NA,0.182680590332715,0.428300238820876,0.0559098580187845,0.295809918897016,0.46742693447057,NA,NA,NA,11.7376750187499,14.945950228648,15.5592618773298,18.0390650342956,NA,NA,NA,0.558722744667026,0,0,0,0,0,0,0,0,0,0,0,0,0,0,0,0,-1,-1,-1,-1,0,0,0,0,0,0,0,0,0,0,0,0
Klhl38,Klhl38,-0.0078571,1.0954,-1.0052,0.11281,NA,NA,NA,NA,0,0,-1,0,NA,NA,NA,NA,0.464610424684265,0.494887109755432,0.0600916011098305,0.248432139714146,NA,NA,NA,NA,11.9902212854545,14.8736466460552,18.1381127344606,NA,NA,NA,NA,0.556185873386643,0,0,0,0,0,0,0,0,0,0,0,0,0,0,0,0,-1,-1,-1,-1,-1,-1,-1,-1,0,0,0,0,0,0,0,0
Penk,Penk,2.33579340013496,NA,NA,NA,NA,NA,NA,NA,1,NA,NA,NA,NA,NA,NA,NA,0.000348915119000411,NA,NA,NA,NA,NA,NA,NA,NA,NA,NA,NA,NA,NA,NA,0.551619903684438,1,1,1,1,1,1,1,1,1,1,1,1,1,1,1,1,1,1,1,1,1,1,1,1,1,1,1,1,1,1,1,1
Col18a1,Col18a1,-1250.3,0.1019,NA,NA,NA,NA,NA,NA,-1,0,NA,NA,NA,NA,NA,NA,0.0648291950539124,0.405966367256193,NA,NA,NA,NA,NA,NA,3.06224919919601,NA,NA,NA,NA,NA,NA,0.547266625996387,-1,-1,-1,0,0,0,0,0,0,0,0,0,0,0,0,0,0,0,0,0,0,0,0,0,0,0,0,0,0,0,0,0
Kdm5c,Kdm5c,-0.732290288260335,NA,NA,NA,NA,NA,NA,NA,-1,NA,NA,NA,NA,NA,NA,NA,0.0865371884343993,NA,NA,NA,NA,NA,NA,NA,NA,NA,NA,NA,NA,NA,NA,0.546761399494252,-1,-1,-1,-1,-1,-1,-1,-1,-1,-1,-1,-1,-1,-1,-1,-1,-1,-1,-1,-1,-1,-1,-1,-1,-1,-1,-1,-1,-1,-1,-1,-1
Celf6,Celf6,0.15629,-10.473,0.32737,93.938,-19.109,NA,NA,NA,0,0,0,1,0,NA,NA,NA,0.269079725038603,0.326157485639157,0.153273474992263,0.0956831459704049,0.447656623466701,NA,NA,NA,11.8648164031411,12.144014146236,23.9744675503412,24.4635260090461,NA,NA,NA,0.54438886363368,0,0,0,0,0,0,0,0,0,0,0,0,0,0,0,0,0,0,0,0,0,0,0,0,0,0,0,1,1,0,0,0
Mtus1,Mtus1,-1468.9,1425.2,-472.47,522.02,-12.17,11.693,NA,NA,-1,0,0,0,-1,0,NA,NA,0.0989494671548145,0.110216148532467,0.242951116841343,0.247411145095429,0.0862884053090139,0.194575213314064,NA,NA,4.48600827768275,6.72960164876412,10.5155645707185,12.1015786639638,23.3050738890149,NA,NA,0.543049484639742,-1,-1,-1,0,0,0,0,0,0,0,0,0,0,0,0,0,-1,-1,-1,-1,-1,-1,-1,-1,-1,-1,-1,0,0,0,0,0
Itgb2,Itgb2,3.2944,33.128,-1583.3,4.0533,NA,NA,NA,NA,0,1,0,0,NA,NA,NA,NA,0.217133591805586,0.0721606769809188,0.334352273901317,0.111322897277774,NA,NA,NA,NA,11.8624199547045,14.973239069406,15.0531478618323,NA,NA,NA,NA,0.540161126942674,0,0,0,0,0,0,0,0,0,0,0,1,1,1,1,1,0,1,0,0,0,0,0,0,0,0,0,0,0,0,0,0
Gm47586,Gm47586,-1361.4,-0.10159,NA,NA,NA,NA,NA,NA,-1,0,NA,NA,NA,NA,NA,NA,0.0800776944204423,0.341157170626949,NA,NA,NA,NA,NA,NA,2.99695348254613,NA,NA,NA,NA,NA,NA,0.537691804951937,-1,-1,0,0,0,0,0,0,0,0,0,0,0,0,0,0,0,0,0,0,0,0,0,0,0,0,0,0,0,0,0,0
Tk2,Tk2,-5.7439,0.70933,NA,NA,NA,NA,NA,NA,-1,0,NA,NA,NA,NA,NA,NA,0.0625162320386194,0.282367574903154,NA,NA,NA,NA,NA,NA,12.2351318327508,NA,NA,NA,NA,NA,NA,0.532302931929324,-1,-1,-1,-1,-1,-1,-1,-1,-1,-1,-1,-1,-1,-1,-1,-1,0,0,0,0,0,0,0,0,0,0,0,0,0,0,0,0
Gm44597,Gm44597,-2.2366,0.17761,NA,NA,NA,NA,NA,NA,-1,0,NA,NA,NA,NA,NA,NA,0.0638175724125662,0.22436371159552,NA,NA,NA,NA,NA,NA,9.13468245906653,NA,NA,NA,NA,NA,NA,0.529385413368644,-1,-1,-1,-1,-1,-1,-1,-1,-1,-1,-1,0,0,0,0,0,0,0,0,0,0,0,0,0,0,0,0,0,0,0,0,0
Gm32352,Gm32352,-67.167,-0.013974,NA,NA,NA,NA,NA,NA,-1,0,NA,NA,NA,NA,NA,NA,0.0775433856141854,0.220400548868783,NA,NA,NA,NA,NA,NA,3.16622786623229,NA,NA,NA,NA,NA,NA,0.528197856910098,-1,0,-1,0,0,0,0,0,0,0,0,0,0,0,0,0,0,0,0,0,0,0,0,0,0,0,0,0,0,0,0,0
Cobl,Cobl,3.44246475070336,NA,NA,NA,NA,NA,NA,NA,1,NA,NA,NA,NA,NA,NA,NA,1.53176478690352e-06,NA,NA,NA,NA,NA,NA,NA,NA,NA,NA,NA,NA,NA,NA,0.526017368575924,1,1,1,1,1,1,1,1,1,1,1,1,1,1,1,1,1,1,1,1,1,1,1,1,1,1,1,1,1,1,1,1
Nos2,Nos2,-0.15753,17.115,-81.999,-0.015788,NA,NA,NA,NA,0,0,-1,0,NA,NA,NA,NA,0.221678006767221,0.214565716089615,0.0663411744275786,0.441552516960683,NA,NA,NA,NA,11.9383809815621,14.5151987159408,15.0465720031196,NA,NA,NA,NA,0.525385178554479,0,0,0,0,0,0,0,0,0,0,0,0,0,0,0,0,-1,-1,-1,-1,0,0,0,0,0,0,0,0,0,0,0,0
Edn1,Edn1,-0.80329,178.96,-241.89,80.844,-0.71962,NA,NA,NA,0,0,-1,0,0,NA,NA,NA,0.111739207384476,0.248589805638561,0.0728030333575286,0.265374784275826,0.186697962126711,NA,NA,NA,12.0082706790476,13.7602673625887,15.7827417741388,18.0312841054722,NA,NA,NA,0.523913224546166,0,0,0,0,0,0,0,0,0,0,0,0,0,0,0,0,-1,-1,-1,-1,0,0,0,0,0,0,0,0,0,0,0,0
Gnb1,Gnb1,-0.33981,-861.55,85.931,-4349.9,4.3867,NA,NA,NA,0,0,0,-1,0,NA,NA,NA,0.487386574124482,0.380426197186345,0.458803536098111,0.0786170780404271,0.198620632625384,NA,NA,NA,9.00234406401003,9.2037969121515,14.9687979528391,15.0481403239772,NA,NA,NA,0.523132054251466,0,0,0,0,0,0,0,0,0,0,0,0,0,0,0,0,0,-1,0,-1,0,0,0,0,0,0,0,0,0,0,0,0
Rps27,Rps27,1.2443,21001,-464.51,122.17,-49.091,NA,NA,NA,0,1,0,0,-1,NA,NA,NA,0.375710746050025,0.0972998462931717,0.38330671061695,0.450849456073988,0.0892827090417663,NA,NA,NA,15.0471631443869,15.1100185725525,18.5344523033282,22.4885651212698,NA,NA,NA,0.521996510669061,0,0,0,0,0,0,0,0,0,0,0,0,0,0,0,0,1,0,1,0,0,0,0,0,0,0,0,-1,-1,-1,-1,-1
Bdh2,Bdh2,1.48183822941867,NA,NA,NA,NA,NA,NA,NA,1,NA,NA,NA,NA,NA,NA,NA,6.88366972135332e-06,NA,NA,NA,NA,NA,NA,NA,NA,NA,NA,NA,NA,NA,NA,0.520883084234352,1,1,1,1,1,1,1,1,1,1,1,1,1,1,1,1,1,1,1,1,1,1,1,1,1,1,1,1,1,1,1,1
Ptgr2,Ptgr2,2.5045,-0.91305,NA,NA,NA,NA,NA,NA,1,0,NA,NA,NA,NA,NA,NA,0.0865585500117231,0.101410602505042,NA,NA,NA,NA,NA,NA,12.0016769636691,NA,NA,NA,NA,NA,NA,0.518884712368735,1,1,1,1,1,1,1,1,1,1,1,0,0,0,1,0,0,0,0,0,0,0,0,0,0,0,0,0,0,0,0,0
Tor3a,Tor3a,2.3754,-636.35,16.886,-1652.2,0.090197,NA,NA,NA,0,0,1,0,0,NA,NA,NA,0.270942486322326,0.140678689387626,0.0730476467159224,0.130557708969907,0.46796250652906,NA,NA,NA,8.97479441348881,9.07904897231559,15.0251963764833,15.0581335611175,NA,NA,NA,0.514814583969656,0,0,0,0,0,0,0,0,0,0,0,1,1,1,1,1,0,1,0,0,0,0,0,0,0,0,0,0,0,0,0,0
Wfdc3,Wfdc3,0.93665,-0.38877,187.05,-179.92,0.71298,NA,NA,NA,0,0,0,-1,0,NA,NA,NA,0.170546591062523,0.158716175986076,0.181718712551397,0.0919872549040853,0.166551415924253,NA,NA,NA,6.81162435844112,17.9948165260081,19.4857474766458,21.0359147303809,NA,NA,NA,0.512429863923369,0,0,0,0,0,0,0,0,0,0,0,0,0,0,0,0,0,0,0,0,0,0,0,0,-1,0,-1,0,0,0,0,0
Fbln5,Fbln5,-5.5865,27.432,-1759.5,2.1057,NA,NA,NA,NA,0,1,0,0,NA,NA,NA,NA,0.120073878688038,0.0720835718372818,0.29114381713327,0.167469978939295,NA,NA,NA,NA,10.8902530804055,14.9928610377723,15.0516406986611,NA,NA,NA,NA,0.51119090999907,0,0,0,0,0,0,0,0,0,0,0,1,1,1,1,1,0,1,0,0,0,0,0,0,0,0,0,0,0,0,0,0
Ankrd33b,Ankrd33b,-1.0183,64.218,-1167.9,0.31243,NA,NA,NA,NA,0,0,-1,0,NA,NA,NA,NA,0.280869734311305,0.391052916837274,0.077773696895682,0.352146570031153,NA,NA,NA,NA,11.9422574148225,14.8623961303344,15.0221607754004,NA,NA,NA,NA,0.51012757608467,0,0,0,0,0,0,0,0,0,0,0,0,0,0,0,0,-1,-1,0,0,0,0,0,0,0,0,0,0,0,0,0,0
Nfasc,Nfasc,-13.511,0.49595,NA,NA,NA,NA,NA,NA,-1,0,NA,NA,NA,NA,NA,NA,0.0829523176563197,0.248826600334737,NA,NA,NA,NA,NA,NA,7.10302836262572,NA,NA,NA,NA,NA,NA,0.508611320088016,-1,-1,-1,-1,-1,-1,-1,0,0,0,0,0,0,0,0,0,0,0,0,0,0,0,0,0,0,0,0,0,0,0,0,0
Slc17a9,Slc17a9,-7.8429,783.41,-16.433,8.8633,-121.91,2.0085,NA,NA,-1,0,0,0,0,0,NA,NA,0.0961344902411621,0.213934821360194,0.472361745522655,0.112215406773214,0.343779991948287,0.354152693722862,NA,NA,8.99078756816331,9.11517348834694,14.5010142789203,20.8267673788291,21.3160993269193,NA,NA,0.508424753631144,-1,-1,-1,-1,-1,-1,-1,0,0,-1,0,0,0,0,0,0,0,0,0,0,0,0,0,0,0,0,0,0,0,0,0,0
Thbs3,Thbs3,-1.0756,726.53,-100.1,0.63746,NA,NA,NA,NA,0,1,0,0,NA,NA,NA,NA,0.15332811206231,0.0851417305451274,0.458277796445427,0.282400098586561,NA,NA,NA,NA,14.9739292184325,15.3429352653237,18.0161817349155,NA,NA,NA,NA,0.507754034613624,0,0,0,0,0,0,0,0,0,0,0,0,0,0,0,0,1,1,1,0,0,0,0,0,0,0,0,0,0,0,0,0
Scube2,Scube2,-0.054232,16.002,-431.6,0.77966,NA,NA,NA,NA,0,1,0,0,NA,NA,NA,NA,0.482762563965854,0.0709041648244428,0.31431103910243,0.255344660810964,NA,NA,NA,NA,11.9854333673995,14.973047702715,15.0947659862799,NA,NA,NA,NA,0.506519957952902,0,0,0,0,0,0,0,0,0,0,0,1,1,1,0,1,0,1,0,0,0,0,0,0,0,0,0,0,0,0,0,0
Tnnc1,Tnnc1,-0.02207,154.25,-483.36,0.06079,NA,NA,NA,NA,0,0,-1,0,NA,NA,NA,NA,0.42872679681996,0.159454528885208,0.0921685603317084,0.369169454317567,NA,NA,NA,NA,14.9959794372209,17.2505205964927,17.969437247352,NA,NA,NA,NA,0.50458146786668,0,0,0,0,0,0,0,0,0,0,0,0,0,0,0,0,0,0,0,0,0,0,-1,-1,0,0,0,0,0,0,0,0
Phka1,Phka1,-7.8727,3736.2,-37.615,-0.33105,NA,NA,NA,NA,0,1,0,0,NA,NA,NA,NA,0.128444509657188,0.0715910588976366,0.453728145102059,0.407787409434274,NA,NA,NA,NA,9.00161668283664,9.03595511346467,12.089774250833,NA,NA,NA,NA,0.503063936926574,0,0,0,0,0,0,0,1,1,0,1,0,0,0,0,0,0,0,0,0,0,0,0,0,0,0,0,0,0,0,0,0
Angptl7,Angptl7,472.07,-42.756,0.17552,NA,NA,NA,NA,NA,1,0,0,NA,NA,NA,NA,NA,0.0676540897059318,0.421395043918166,0.274034521853074,NA,NA,NA,NA,NA,3.24232670194172,6.02456963676096,NA,NA,NA,NA,NA,0.50139706647481,1,1,1,0,0,0,0,0,0,0,0,0,0,0,0,0,0,0,0,0,0,0,0,0,0,0,0,0,0,0,0,0
Gm43362,Gm43362,-247.37,-0.016092,NA,NA,NA,NA,NA,NA,-1,0,NA,NA,NA,NA,NA,NA,0.0875054541627584,0.452840362505985,NA,NA,NA,NA,NA,NA,3.05823967916153,NA,NA,NA,NA,NA,NA,0.50056361803117,-1,-1,-1,0,0,0,0,0,0,0,0,0,0,0,0,0,0,0,0,0,0,0,0,0,0,0,0,0,0,0,0,0
Lrp3,Lrp3,-5.8238,0.25626,NA,NA,NA,NA,NA,NA,-1,0,NA,NA,NA,NA,NA,NA,0.0802575760786092,0.214789134977907,NA,NA,NA,NA,NA,NA,7.06518490631308,NA,NA,NA,NA,NA,NA,0.500122426605531,-1,-1,-1,-1,-1,-1,-1,0,0,0,0,0,0,0,0,0,0,0,0,0,0,0,0,0,0,0,0,0,0,0,0,0
Usp50,Usp50,-4.089,15.52,-0.66134,0.074755,NA,NA,NA,NA,-1,0,0,0,NA,NA,NA,NA,0.0690177142211841,0.390259926106597,0.121515314817396,0.478031457853597,NA,NA,NA,NA,8.27375890376763,9.48094019079203,21.2378381414369,NA,NA,NA,NA,0.497674435476544,-1,-1,-1,-1,-1,-1,-1,0,0,0,0,0,0,0,0,0,0,0,0,0,0,0,0,0,0,0,0,0,0,0,0,0
Rimkla,Rimkla,3.2585,-194.26,0.21995,-0.35469,NA,NA,NA,NA,1,0,0,0,NA,NA,NA,NA,0.0858500863110844,0.113194997178901,0.180040938245872,0.2196760790177,NA,NA,NA,NA,5.95113619555527,6.00985226195363,19.6728098695967,NA,NA,NA,NA,0.497066291288842,1,1,1,0,0,1,0,0,0,0,0,0,0,0,0,0,0,0,0,0,0,0,0,0,0,0,0,0,0,0,0,0
Klhdc2,Klhdc2,11.244,-198.68,1.5091,NA,NA,NA,NA,NA,1,0,0,NA,NA,NA,NA,NA,0.0657709622235274,0.336473703078233,0.18556323429056,NA,NA,NA,NA,NA,11.6911483146567,12.0281046060157,NA,NA,NA,NA,NA,0.49550246117046,1,1,1,1,1,1,1,1,1,1,1,0,0,0,0,0,0,0,0,0,0,0,0,0,0,0,0,0,0,0,0,0
Rtp3,Rtp3,-0.64297,60.937,-96.358,0.0090013,NA,NA,NA,NA,0,0,-1,0,NA,NA,NA,NA,0.11558440564632,0.125506012722949,0.0951254028971718,0.48184707561499,NA,NA,NA,NA,11.9291924723613,13.8581670458689,15.0581379271592,NA,NA,NA,NA,0.494763564741134,0,0,0,0,0,0,0,0,0,0,0,0,0,0,0,0,-1,-1,-1,-1,0,0,0,0,0,0,0,0,0,0,0,0
Gm10250,Gm10250,0.13873,11.33,-0.41819,23.803,-1.3081,NA,NA,NA,0,0,0,0,-1,NA,NA,NA,0.251421195255252,0.264325666301766,0.172524938468554,0.269677651825902,0.07739735099123,NA,NA,NA,11.9482208347578,12.1108267858208,20.9402928452903,21.3218614668882,NA,NA,NA,0.492035114252569,0,0,0,0,0,0,0,0,0,0,0,0,0,0,0,0,0,0,0,0,0,0,0,0,0,0,0,-1,-1,-1,-1,-1
Peg3,Peg3,-14181,0.64408,NA,NA,NA,NA,NA,NA,-1,0,NA,NA,NA,NA,NA,NA,0.0737996728093704,0.384481822654731,NA,NA,NA,NA,NA,NA,3.03877768823987,NA,NA,NA,NA,NA,NA,0.490495494882199,-1,-1,-1,0,0,0,0,0,0,0,0,0,0,0,0,0,0,0,0,0,0,0,0,0,0,0,0,0,0,0,0,0
Tnni3,Tnni3,-1.2371,11.489,-416.44,0.87514,NA,NA,NA,NA,0,1,0,0,NA,NA,NA,NA,0.183471748995424,0.0627534800667617,0.25122861947627,0.170215329260378,NA,NA,NA,NA,11.6298462909622,14.9740186817106,15.068031192415,NA,NA,NA,NA,0.489068987551618,0,0,0,0,0,0,0,0,0,0,0,1,1,1,1,1,0,1,0,0,0,0,0,0,0,0,0,0,0,0,0,0
Cdhr2,Cdhr2,0.71135214692764,NA,NA,NA,NA,NA,NA,NA,1,NA,NA,NA,NA,NA,NA,NA,0.00104626803574302,NA,NA,NA,NA,NA,NA,NA,NA,NA,NA,NA,NA,NA,NA,0.482832671546293,1,1,1,1,1,1,1,1,1,1,1,1,1,1,1,1,1,1,1,1,1,1,1,1,1,1,1,1,1,1,1,1
Rap1b,Rap1b,1.4811,54.479,-2726.6,1.9959,0.43666,NA,NA,NA,0,1,0,0,0,NA,NA,NA,0.386827952816117,0.0655626114498308,0.31342795811506,0.445734841803416,0.466466520857959,NA,NA,NA,11.4958310875721,14.9798310611765,15.0487646893242,18.1233940879708,NA,NA,NA,0.481383999190048,0,0,0,0,0,0,0,0,0,0,0,1,1,1,1,1,0,1,0,0,0,0,0,0,0,0,0,0,0,0,0,0
Inafm1,Inafm1,1.5935,-33.519,4.0294,-22.589,568.49,-4.0955,NA,NA,0,0,0,0,1,0,NA,NA,0.251782898268197,0.397421307215323,0.107429561866249,0.403928153832116,0.0877878100753266,0.140626300954877,NA,NA,8.88143667013063,9.76910098985211,17.4297137485618,20.8826348337222,21.036045018667,NA,NA,0.481281420359114,0,0,0,0,0,0,0,0,0,0,0,0,0,0,0,0,0,0,0,0,0,0,0,0,1,1,1,0,0,0,0,0
Tubb1,Tubb1,0.1891,-0.94336,81.547,-0.8396,0.32877,NA,NA,NA,0,0,1,0,0,NA,NA,NA,0.240476858930221,0.490158448989706,0.07450193982499,0.121994230787576,0.282180190989129,NA,NA,NA,10.9955672570275,14.9265599112028,15.031930461338,23.4152971578528,NA,NA,NA,0.480657207275715,0,0,0,0,0,0,0,0,0,0,0,0,0,0,0,0,1,1,1,1,0,0,0,0,0,0,0,0,0,0,0,0
H2-Q10,H2-Q10,5.0624,-150.32,0.41582,0.021817,NA,NA,NA,NA,1,0,0,0,NA,NA,NA,NA,0.0699401102186639,0.186366951209347,0.351627953098483,0.468208300702797,NA,NA,NA,NA,5.97397444881467,6.08706088903022,13.9357780801403,NA,NA,NA,NA,0.478817011410342,1,1,1,1,1,0,0,0,0,0,0,0,0,0,0,0,0,0,0,0,0,0,0,0,0,0,0,0,0,0,0,0
Bche,Bche,3.6909,-1.1134,NA,NA,NA,NA,NA,NA,1,0,NA,NA,NA,NA,NA,NA,0.0782157556562623,0.130831560453753,NA,NA,NA,NA,NA,NA,12.0017052412301,NA,NA,NA,NA,NA,NA,0.476970416252,1,1,1,1,1,1,1,1,1,1,1,0,0,0,1,1,0,0,0,0,0,0,0,0,0,0,0,0,0,0,0,0
Tpm4,Tpm4,-1.7896,366.73,-4038.5,2.4378,NA,NA,NA,NA,0,0,-1,0,NA,NA,NA,NA,0.337479866541978,0.4478641983393,0.0727360057823619,0.239492497266628,NA,NA,NA,NA,12.0373605686906,14.7501297800805,14.9997480736076,NA,NA,NA,NA,0.476234715752502,0,0,0,0,0,0,0,0,0,0,0,0,0,0,0,0,0,-1,-1,0,0,0,0,0,0,0,0,0,0,0,0,0
Nkiras1,Nkiras1,-1262.6,-0.19623,NA,NA,NA,NA,NA,NA,-1,0,NA,NA,NA,NA,NA,NA,0.0831217158834323,0.262663221697461,NA,NA,NA,NA,NA,NA,3.0055898876086,NA,NA,NA,NA,NA,NA,0.475705984591564,-1,-1,-1,0,0,0,0,0,0,0,0,0,0,0,0,0,0,0,0,0,0,0,0,0,0,0,0,0,0,0,0,0
Gas1,Gas1,-1242.9,1.047,NA,NA,NA,NA,NA,NA,-1,0,NA,NA,NA,NA,NA,NA,0.0881408827215476,0.164983329315355,NA,NA,NA,NA,NA,NA,3.05761067036955,NA,NA,NA,NA,NA,NA,0.47434222740097,-1,-1,-1,0,0,0,0,0,0,0,0,0,0,0,0,0,0,0,0,0,0,0,0,0,0,0,0,0,0,0,0,0
Zfp457,Zfp457,-0.12857,267.8,-111.86,0.24159,NA,NA,NA,NA,0,1,0,0,NA,NA,NA,NA,0.328999208074148,0.0639098605104837,0.186056357113421,0.320256390934856,NA,NA,NA,NA,14.9734770975244,15.8771830238177,18.0373897658878,NA,NA,NA,NA,0.471712642873714,0,0,0,0,0,0,0,0,0,0,0,0,0,0,0,0,1,1,1,1,0,0,0,0,0,0,0,0,0,0,0,0
Slc23a2,Slc23a2,-1.2218,16.741,-639.85,0.52092,NA,NA,NA,NA,0,0,-1,0,NA,NA,NA,NA,0.256994570538292,0.45994027782661,0.0863158025046177,0.297210102442753,NA,NA,NA,NA,11.400294055062,14.9728425960127,15.0571150386404,NA,NA,NA,NA,0.471260220410691,0,0,0,0,0,0,0,0,0,0,0,0,0,0,0,0,-1,-1,0,-1,0,0,0,0,0,0,0,0,0,0,0,0
Thoc3,Thoc3,-4.2348,5.686,-2.0077,5.1524,NA,NA,NA,NA,0,1,0,0,NA,NA,NA,NA,0.125351180492001,0.0874351415859309,0.107516883966392,0.119181953424423,NA,NA,NA,NA,7.96446327243825,12.0507727302154,22.7466758231191,NA,NA,NA,NA,0.466126915322013,0,0,0,0,0,0,0,1,1,1,1,1,0,1,1,1,0,0,0,0,0,0,0,0,0,0,0,0,0,0,0,0
Bglap3,Bglap3,-3.5961,8.1481,NA,NA,NA,NA,NA,NA,0,1,NA,NA,NA,NA,NA,NA,0.184564782118336,0.0689706042821755,NA,NA,NA,NA,NA,NA,13.8447097212802,NA,NA,NA,NA,NA,NA,0.463028026893459,0,0,0,0,0,0,0,0,0,0,0,0,0,0,0,0,1,1,1,1,1,1,1,1,1,1,1,1,1,1,1,1
Gm19721,Gm19721,-133.76,0.021968,NA,NA,NA,NA,NA,NA,-1,0,NA,NA,NA,NA,NA,NA,0.0940988263322847,0.402268117397405,NA,NA,NA,NA,NA,NA,3.05490515924368,NA,NA,NA,NA,NA,NA,0.462863013253083,-1,-1,-1,0,0,0,0,0,0,0,0,0,0,0,0,0,0,0,0,0,0,0,0,0,0,0,0,0,0,0,0,0
Col5a3,Col5a3,-10.459,-0.41685,NA,NA,NA,NA,NA,NA,-1,0,NA,NA,NA,NA,NA,NA,0.0868997162928573,0.244772010322236,NA,NA,NA,NA,NA,NA,6.09668361042902,NA,NA,NA,NA,NA,NA,0.462501611132168,-1,-1,-1,-1,-1,-1,-1,0,0,0,0,0,0,0,0,0,0,0,0,0,0,0,0,0,0,0,0,0,0,0,0,0
Fes,Fes,-0.52415,986.59,-617.41,0.4454,NA,NA,NA,NA,0,0,-1,0,NA,NA,NA,NA,0.264084721956859,0.184842239183848,0.0984928844681055,0.246895328065431,NA,NA,NA,NA,12.0027151131033,13.1581717752854,15.0023507105683,NA,NA,NA,NA,0.462359064123608,0,0,0,0,0,0,0,0,0,0,0,0,0,0,0,0,-1,-1,0,0,0,0,0,0,0,0,0,0,0,0,0,0
Rdh5,Rdh5,-2.7075,202.68,-4591.2,0.2701,NA,NA,NA,NA,-1,0,0,0,NA,NA,NA,NA,0.08707128461589,0.114438805329637,0.186844326480654,0.310370303995028,NA,NA,NA,NA,11.9220893145655,14.8660861609526,14.993999021564,NA,NA,NA,NA,0.460864685645825,-1,-1,-1,-1,-1,-1,-1,-1,-1,-1,-1,0,0,0,0,0,0,0,0,0,0,0,0,0,0,0,0,0,0,0,0,0
Zfp579,Zfp579,-9.6323,0.11161,NA,NA,NA,NA,NA,NA,-1,0,NA,NA,NA,NA,NA,NA,0.0830496390986899,0.458290311407472,NA,NA,NA,NA,NA,NA,9.39970781502174,NA,NA,NA,NA,NA,NA,0.460690869311749,-1,-1,-1,-1,-1,-1,-1,-1,-1,-1,-1,0,0,0,0,0,0,0,0,0,0,0,0,0,0,0,0,0,0,0,0,0
Foxred2,Foxred2,2.13503749048494,NA,NA,NA,NA,NA,NA,NA,1,NA,NA,NA,NA,NA,NA,NA,0.000217324644529217,NA,NA,NA,NA,NA,NA,NA,NA,NA,NA,NA,NA,NA,NA,0.459576322426966,1,1,1,1,1,1,1,1,1,1,1,1,1,1,1,1,1,1,1,1,1,1,1,1,1,1,1,1,1,1,1,1
Uts2r,Uts2r,1.2315,-45.361,0.012363,NA,NA,NA,NA,NA,1,0,0,NA,NA,NA,NA,NA,0.0823855477053216,0.138571590321368,0.373750497707095,NA,NA,NA,NA,NA,5.96091999687158,6.04127897341007,NA,NA,NA,NA,NA,0.45398773779525,1,1,1,1,0,0,0,0,0,0,0,0,0,0,0,0,0,0,0,0,0,0,0,0,0,0,0,0,0,0,0,0
Ostf1,Ostf1,1.5557,17.102,-1878.2,-0.024282,2.2487,NA,NA,NA,0,1,0,0,0,NA,NA,NA,0.25482730505499,0.0832258065556969,0.229538223401803,0.49834177964857,0.20243168434711,NA,NA,NA,11.774458426524,15.0155656668279,15.0530562348712,20.7300266494011,NA,NA,NA,0.453879602125789,0,0,0,0,0,0,0,0,0,0,0,1,1,1,1,1,0,1,0,0,0,0,0,0,0,0,0,0,0,0,0,0
1810007D17Rik,1810007D17Rik,71.468,1.1444,NA,NA,NA,NA,NA,NA,1,0,NA,NA,NA,NA,NA,NA,0.0948749614573938,0.387553090453224,NA,NA,NA,NA,NA,NA,6.8549356409861,NA,NA,NA,NA,NA,NA,0.452570704254208,1,1,1,1,1,1,1,0,0,0,0,0,0,0,0,0,0,0,0,0,0,0,0,0,0,0,0,0,0,0,0,0
Sntb1,Sntb1,35.773,-3.4483,NA,NA,NA,NA,NA,NA,0,-1,NA,NA,NA,NA,NA,NA,0.480249111868242,0.0857304782555197,NA,NA,NA,NA,NA,NA,5.58375575308315,NA,NA,NA,NA,NA,NA,0.45158821335006,0,0,0,-1,-1,-1,-1,-1,-1,-1,-1,-1,-1,-1,-1,-1,-1,-1,-1,-1,-1,-1,-1,-1,-1,-1,-1,-1,-1,-1,-1,-1
Cavin3,Cavin3,-12.238,0.11674,NA,NA,NA,NA,NA,NA,-1,0,NA,NA,NA,NA,NA,NA,0.0856899305920193,0.421116765460221,NA,NA,NA,NA,NA,NA,6.70088067944244,NA,NA,NA,NA,NA,NA,0.450436042950032,-1,-1,-1,-1,-1,-1,-1,0,0,0,0,0,0,0,0,0,0,0,0,0,0,0,0,0,0,0,0,0,0,0,0,0
Chst3,Chst3,0.48483,7.6111,-253.13,0.77455,NA,NA,NA,NA,0,1,0,0,NA,NA,NA,NA,0.302835394547191,0.084906666291687,0.302761547946595,0.163919305809472,NA,NA,NA,NA,11.8864140853535,14.9670960564084,15.0963473003242,NA,NA,NA,NA,0.447902693576272,0,0,0,0,0,0,0,0,0,0,0,1,1,1,1,1,0,1,0,0,0,0,0,0,0,0,0,0,0,0,0,0
Fndc3a,Fndc3a,16.743,-23.398,459.7,-27.733,NA,NA,NA,NA,1,0,0,0,NA,NA,NA,NA,0.0745087890152984,0.108746733275569,0.338030410753834,0.156822624689146,NA,NA,NA,NA,12.021521045147,20.6994727614155,21.2807068901139,NA,NA,NA,NA,0.44636438292972,1,1,1,1,1,1,1,1,1,1,1,1,0,1,1,1,0,0,0,0,0,0,0,0,0,0,0,0,0,0,0,0
Grm3,Grm3,3.5109,-100.51,-0.091096,NA,NA,NA,NA,NA,1,0,0,NA,NA,NA,NA,NA,0.0947926785340845,0.226030903422837,0.254373704532995,NA,NA,NA,NA,NA,5.96561680254907,6.05881046502019,NA,NA,NA,NA,NA,0.445817148336117,1,1,1,0,0,1,0,0,0,0,0,0,0,0,0,0,0,0,0,0,0,0,0,0,0,0,0,0,0,0,0,0
Maml3,Maml3,-1070.3,0.29721,NA,NA,NA,NA,NA,NA,-1,0,NA,NA,NA,NA,NA,NA,0.0823938890401202,0.287013042307229,NA,NA,NA,NA,NA,NA,3.02618782235536,NA,NA,NA,NA,NA,NA,0.442899120852813,-1,-1,0,0,0,0,0,0,0,0,0,0,0,0,0,0,0,0,0,0,0,0,0,0,0,0,0,0,0,0,0,0
Scgb1c1,Scgb1c1,-0.097046,1.478,-33.209,0.13788,-0.13371,NA,NA,NA,0,0,-1,0,0,NA,NA,NA,0.179830874535448,0.427601976142439,0.0704902295051653,0.223338664343298,0.25497659611254,NA,NA,NA,11.4708544519711,14.9116289759221,15.0595710997122,22.0689875034119,NA,NA,NA,0.442865857827335,0,0,0,0,0,0,0,0,0,0,0,0,0,0,0,0,-1,-1,-1,-1,0,0,0,0,0,0,0,0,0,0,0,0
Slc39a6,Slc39a6,-0.88641,224.77,-598.99,0.5186,NA,NA,NA,NA,0,0,-1,0,NA,NA,NA,NA,0.23255339375836,0.240162949331675,0.0702911475607336,0.284162506224945,NA,NA,NA,NA,12.0010518118757,14.2169202638254,15.0444072180801,NA,NA,NA,NA,0.441980615546397,0,0,0,0,0,0,0,0,0,0,0,0,0,0,0,0,-1,-1,-1,-1,0,0,0,0,0,0,0,0,0,0,0,0
Gm10109,Gm10109,-16.734,64.78,-386.1,682.62,1.159,NA,NA,NA,-1,0,0,0,0,NA,NA,NA,0.0843681767322673,0.432921257047142,0.192076831660851,0.170596380714334,0.294297110616562,NA,NA,NA,8.34450479924686,11.6405487127897,13.953313626811,15.0151543210582,NA,NA,NA,0.440650528814555,-1,-1,-1,-1,-1,-1,-1,0,0,0,0,0,0,0,0,0,0,0,0,0,0,0,0,0,0,0,0,0,0,0,0,0
9430034N14Rik,9430034N14Rik,-1.4217,0.1047,NA,NA,NA,NA,NA,NA,-1,0,NA,NA,NA,NA,NA,NA,0.0772445019089276,0.251109979549961,NA,NA,NA,NA,NA,NA,9.03018210090274,NA,NA,NA,NA,NA,NA,0.439961008549171,-1,-1,-1,-1,-1,-1,-1,-1,0,-1,-1,0,0,0,0,0,0,0,0,0,0,0,0,0,0,0,0,0,0,0,0,0
Nell1,Nell1,-0.851,-134.46,1546.6,-3.9869,12.485,NA,NA,NA,0,0,0,-1,0,NA,NA,NA,0.267186725022116,0.434151971745339,0.465343143768194,0.0811588521216925,0.492364892137262,NA,NA,NA,11.9990545266911,14.7465871294003,15.0065540227783,25.9386762204244,NA,NA,NA,0.437364621166147,0,0,0,0,0,0,0,0,0,0,0,0,0,0,0,0,-1,0,-1,0,-1,-1,-1,-1,-1,-1,-1,-1,-1,0,0,0
Siglecg,Siglecg,-0.51307,41.862,-475.4,0.27417,NA,NA,NA,NA,0,0,-1,0,NA,NA,NA,NA,0.305704590974912,0.433618617655368,0.0722621238419401,0.333871068986517,NA,NA,NA,NA,11.8442759679495,14.7739953764988,15.0259095431293,NA,NA,NA,NA,0.437279152817419,0,0,0,0,0,0,0,0,0,0,0,0,0,0,0,0,-1,-1,-1,-1,0,0,0,0,0,0,0,0,0,0,0,0
Rbm24,Rbm24,-888.92,0.034762,NA,NA,NA,NA,NA,NA,-1,0,NA,NA,NA,NA,NA,NA,0.072313759834121,0.359784882744869,NA,NA,NA,NA,NA,NA,3.043280506815,NA,NA,NA,NA,NA,NA,0.436444075997808,-1,-1,-1,0,0,0,0,0,0,0,0,0,0,0,0,0,0,0,0,0,0,0,0,0,0,0,0,0,0,0,0,0
Cnksr1,Cnksr1,-4.5416,0.13345,NA,NA,NA,NA,NA,NA,-1,0,NA,NA,NA,NA,NA,NA,0.085494476653099,0.39108398790178,NA,NA,NA,NA,NA,NA,9.00972996567367,NA,NA,NA,NA,NA,NA,0.43580747472162,-1,-1,-1,-1,-1,-1,-1,-1,-1,-1,0,0,0,0,0,0,0,0,0,0,0,0,0,0,0,0,0,0,0,0,0,0
Gm49417,Gm49417,-4.2522,0.37976,NA,NA,NA,NA,NA,NA,-1,0,NA,NA,NA,NA,NA,NA,0.0990687309198564,0.277028290517459,NA,NA,NA,NA,NA,NA,10.6069745001653,NA,NA,NA,NA,NA,NA,0.435805612057248,-1,-1,-1,-1,-1,-1,-1,-1,-1,-1,-1,0,0,0,0,0,0,0,0,0,0,0,0,0,0,0,0,0,0,0,0,0
Gtf2i,Gtf2i,-9.4336,30.03,-0.64302,NA,NA,NA,NA,NA,-1,0,0,NA,NA,NA,NA,NA,0.0799969064958701,0.461994005924204,0.329716766306253,NA,NA,NA,NA,NA,11.4982579809364,12.9688478425368,NA,NA,NA,NA,NA,0.435647055097407,-1,-1,-1,-1,-1,-1,-1,-1,-1,-1,-1,0,0,0,0,0,0,0,0,0,0,0,0,0,0,0,0,0,0,0,0,0
Fmod,Fmod,0.583654748217954,NA,NA,NA,NA,NA,NA,NA,1,NA,NA,NA,NA,NA,NA,NA,0.0516128519060835,NA,NA,NA,NA,NA,NA,NA,NA,NA,NA,NA,NA,NA,NA,0.43477396277583,1,1,1,1,1,1,1,1,1,1,1,1,1,1,1,1,1,1,1,1,1,1,1,1,1,1,1,1,1,1,1,1
Zfp24,Zfp24,2.905,-27.825,562.24,-1.5183,NA,NA,NA,NA,0,0,1,0,NA,NA,NA,NA,0.109687001668507,0.402065694417046,0.0948036415885977,0.13336687346416,NA,NA,NA,NA,11.6570784005596,14.8784254516016,15.0459303549756,NA,NA,NA,NA,0.434524548414201,0,0,0,0,0,0,0,0,0,0,0,0,0,0,0,0,1,1,1,1,0,0,0,0,0,0,0,0,0,0,0,0
Nprl3,Nprl3,-8.0004,2.1911,NA,NA,NA,NA,NA,NA,-1,1,NA,NA,NA,NA,NA,NA,0.081392363809152,0.097897221378428,NA,NA,NA,NA,NA,NA,10.0874324028151,NA,NA,NA,NA,NA,NA,0.431133870539587,-1,-1,-1,-1,-1,-1,-1,-1,-1,-1,-1,1,1,1,1,1,1,1,1,1,1,1,1,1,1,1,1,1,1,1,1,1
Limk2,Limk2,-7.4123,0.60235,NA,NA,NA,NA,NA,NA,-1,0,NA,NA,NA,NA,NA,NA,0.0802813557813047,0.35529404275068,NA,NA,NA,NA,NA,NA,12.0265654067265,NA,NA,NA,NA,NA,NA,0.430883685165578,-1,-1,-1,-1,-1,-1,-1,-1,-1,-1,-1,-1,-1,0,-1,-1,0,0,0,0,0,0,0,0,0,0,0,0,0,0,0,0
Med20,Med20,-1.0394,712.74,-213.31,4.8234,NA,NA,NA,NA,0,1,0,0,NA,NA,NA,NA,0.179439316665516,0.0792093018765962,0.329773311481773,0.203356095598157,NA,NA,NA,NA,17.9520313470637,18.671436774452,21.1467364003005,NA,NA,NA,NA,0.430724404297698,0,0,0,0,0,0,0,0,0,0,0,0,0,0,0,0,0,0,0,0,1,1,1,1,0,0,0,0,0,0,0,0
Slc25a4,Slc25a4,-4.9526,68.57,-915.57,0.78295,NA,NA,NA,NA,0,0,-1,0,NA,NA,NA,NA,0.132899528201716,0.407013283761571,0.0909188756342189,0.339400450645974,NA,NA,NA,NA,11.7253185507431,14.8398631625236,15.0570841264148,NA,NA,NA,NA,0.42780471687326,0,0,0,0,0,0,0,0,0,0,0,0,0,0,0,0,-1,-1,-1,-1,0,0,0,0,0,0,0,0,0,0,0,0
Cd209f,Cd209f,0.975952399330942,NA,NA,NA,NA,NA,NA,NA,1,NA,NA,NA,NA,NA,NA,NA,0.000261530793802973,NA,NA,NA,NA,NA,NA,NA,NA,NA,NA,NA,NA,NA,NA,0.427538494391351,1,1,1,1,1,1,1,1,1,1,1,1,1,1,1,1,1,1,1,1,1,1,1,1,1,1,1,1,1,1,1,1
Klhdc10,Klhdc10,5.32,-3.9377,558.37,-17.023,NA,NA,NA,NA,0,0,0,-1,NA,NA,NA,NA,0.133551509103014,0.150388693826916,0.303000054898653,0.0981545811523155,NA,NA,NA,NA,10.277577418084,20.9570346976365,21.1741519243277,NA,NA,NA,NA,0.427139958305583,0,0,0,0,0,0,0,0,0,0,0,0,0,0,0,0,0,0,0,0,0,0,0,0,0,0,0,-1,-1,-1,-1,-1
Gpr137,Gpr137,-3.2266,0.37806,NA,NA,NA,NA,NA,NA,-1,0,NA,NA,NA,NA,NA,NA,0.0949381389487965,0.352322176568463,NA,NA,NA,NA,NA,NA,14.2327434288427,NA,NA,NA,NA,NA,NA,0.424695382986426,-1,-1,-1,-1,-1,-1,-1,-1,-1,-1,-1,-1,-1,-1,-1,-1,0,0,0,0,0,0,0,0,0,0,0,0,0,0,0,0
Gm44423,Gm44423,-757.4,-0.04253,NA,NA,NA,NA,NA,NA,-1,0,NA,NA,NA,NA,NA,NA,0.0965786134610547,0.368872653314754,NA,NA,NA,NA,NA,NA,2.97618118384167,NA,NA,NA,NA,NA,NA,0.422063340549051,0,-1,-1,0,0,0,0,0,0,0,0,0,0,0,0,0,0,0,0,0,0,0,0,0,0,0,0,0,0,0,0,0
Pou2af1,Pou2af1,-1071.8,0.36309,NA,NA,NA,NA,NA,NA,-1,0,NA,NA,NA,NA,NA,NA,0.0697997555646576,0.191708444206238,NA,NA,NA,NA,NA,NA,3.02908149643276,NA,NA,NA,NA,NA,NA,0.421557799972437,-1,-1,-1,0,0,0,0,0,0,0,0,0,0,0,0,0,0,0,0,0,0,0,0,0,0,0,0,0,0,0,0,0
Ccdc27,Ccdc27,-0.62127,128.31,-868.28,0.032576,NA,NA,NA,NA,0,0,-1,0,NA,NA,NA,NA,0.111660217234166,0.18049911001334,0.0929376879896621,0.437372133230692,NA,NA,NA,NA,12.0053487897123,14.6079370002545,14.9898464852401,NA,NA,NA,NA,0.420949637595419,0,0,0,0,0,0,0,0,0,0,0,0,0,0,0,0,-1,0,-1,0,0,0,0,0,0,0,0,0,0,0,0,0
Epb41,Epb41,-2.7911029233208,NA,NA,NA,NA,NA,NA,NA,-1,NA,NA,NA,NA,NA,NA,NA,2.95863972618354e-05,NA,NA,NA,NA,NA,NA,NA,NA,NA,NA,NA,NA,NA,NA,0.420604175196919,-1,-1,-1,-1,-1,-1,-1,-1,-1,-1,-1,-1,-1,-1,-1,-1,-1,-1,-1,-1,-1,-1,-1,-1,-1,-1,-1,-1,-1,-1,-1,-1
Rfesd,Rfesd,-433.81,-0.036845,NA,NA,NA,NA,NA,NA,-1,0,NA,NA,NA,NA,NA,NA,0.0880434528447877,0.406549350664179,NA,NA,NA,NA,NA,NA,3.00776187604719,NA,NA,NA,NA,NA,NA,0.420490896123449,-1,-1,0,0,0,0,0,0,0,0,0,0,0,0,0,0,0,0,0,0,0,0,0,0,0,0,0,0,0,0,0,0
Prpf40b,Prpf40b,-6.545,0.7832,NA,NA,NA,NA,NA,NA,-1,0,NA,NA,NA,NA,NA,NA,0.0808522144316762,0.197453052748135,NA,NA,NA,NA,NA,NA,9.53813613607987,NA,NA,NA,NA,NA,NA,0.419400322128278,-1,-1,-1,-1,-1,-1,-1,-1,-1,-1,-1,0,0,0,0,0,0,0,0,0,0,0,0,0,0,0,0,0,0,0,0,0
Capza2,Capza2,8.1247,-827.09,4.3989,NA,NA,NA,NA,NA,1,0,0,NA,NA,NA,NA,NA,0.0772169417008671,0.455527723440976,0.11825640785797,NA,NA,NA,NA,NA,14.9122251221389,15.0037435575776,NA,NA,NA,NA,NA,0.417669551114445,1,1,1,1,1,1,1,1,1,1,1,1,1,1,1,1,0,0,0,0,0,0,0,0,0,0,0,0,0,0,0,0
Zfp839,Zfp839,-4.3006,1.3564,NA,NA,NA,NA,NA,NA,-1,0,NA,NA,NA,NA,NA,NA,0.0947625428154027,0.202836630767881,NA,NA,NA,NA,NA,NA,14.5612915225519,NA,NA,NA,NA,NA,NA,0.416204449443377,-1,-1,-1,-1,-1,-1,-1,-1,-1,-1,-1,-1,-1,-1,-1,-1,0,0,0,0,0,0,0,0,0,0,0,0,0,0,0,0
Fam214b,Fam214b,-1.23790227168442,NA,NA,NA,NA,NA,NA,NA,-1,NA,NA,NA,NA,NA,NA,NA,4.07324573493934e-05,NA,NA,NA,NA,NA,NA,NA,NA,NA,NA,NA,NA,NA,NA,0.410532114980998,-1,-1,-1,-1,-1,-1,-1,-1,-1,-1,-1,-1,-1,-1,-1,-1,-1,-1,-1,-1,-1,-1,-1,-1,-1,-1,-1,-1,-1,-1,-1,-1
Sdr9c7,Sdr9c7,3.43633559377498,NA,NA,NA,NA,NA,NA,NA,1,NA,NA,NA,NA,NA,NA,NA,0.000404858714757318,NA,NA,NA,NA,NA,NA,NA,NA,NA,NA,NA,NA,NA,NA,0.409896269627575,1,1,1,1,1,1,1,1,1,1,1,1,1,1,1,1,1,1,1,1,1,1,1,1,1,1,1,1,1,1,1,1
Slc36a1,Slc36a1,-5.7376,0.022253,NA,NA,NA,NA,NA,NA,-1,0,NA,NA,NA,NA,NA,NA,0.0852062620551061,0.486441202518908,NA,NA,NA,NA,NA,NA,9.02027753012867,NA,NA,NA,NA,NA,NA,0.409752900584625,-1,-1,-1,-1,-1,-1,-1,-1,-1,-1,-1,0,0,0,0,0,0,0,0,0,0,0,0,0,0,0,0,0,0,0,0,0
Mus81,Mus81,-4.9564,1.312,-7.3765,NA,NA,NA,NA,NA,-1,0,0,NA,NA,NA,NA,NA,0.0815923960546583,0.163495648935019,0.121250792416378,NA,NA,NA,NA,NA,9.03281346864438,23.8237335684038,NA,NA,NA,NA,NA,0.409724417835316,-1,-1,-1,-1,-1,-1,-1,-1,-1,-1,-1,0,0,0,0,0,0,0,0,0,0,0,0,0,0,0,0,0,0,0,0,0
Nmral1,Nmral1,1.2502,-3.0872,1.1586,NA,NA,NA,NA,NA,0,0,1,NA,NA,NA,NA,NA,0.143623261376034,0.481773785878396,0.0736537449549444,NA,NA,NA,NA,NA,11.4059360940853,14.7532665538881,NA,NA,NA,NA,NA,0.409629578826342,0,0,0,0,0,0,0,0,0,0,0,0,0,0,0,0,1,1,1,1,1,1,1,1,1,1,1,1,1,1,1,1
Psmd1,Psmd1,-0.31424,204.3,-1285.7,14.64,-4.4936,NA,NA,NA,0,0,-1,0,0,NA,NA,NA,0.440506985891596,0.362199892753223,0.070901058050019,0.124730813644466,0.14225556892725,NA,NA,NA,11.9980248053895,14.6111920957059,15.0516403955122,19.4621585922309,NA,NA,NA,0.407631489319186,0,0,0,0,0,0,0,0,0,0,0,0,0,0,0,0,-1,-1,0,-1,0,0,0,0,0,0,0,0,0,0,0,0
Pcid2,Pcid2,-3.3408,9.2283,-1.0686,NA,NA,NA,NA,NA,-1,0,0,NA,NA,NA,NA,NA,0.0815351459296789,0.467628540041979,0.111916383618354,NA,NA,NA,NA,NA,10.1065559335748,12.3188489971162,NA,NA,NA,NA,NA,0.40455851755467,-1,-1,-1,-1,-1,-1,-1,-1,-1,-1,-1,0,0,0,0,0,0,0,0,0,0,0,0,0,0,0,0,0,0,0,0,0
Srebf1,Srebf1,5.50563114222587,NA,NA,NA,NA,NA,NA,NA,1,NA,NA,NA,NA,NA,NA,NA,8.76797846014963e-05,NA,NA,NA,NA,NA,NA,NA,NA,NA,NA,NA,NA,NA,NA,0.404156892320496,1,1,1,1,1,1,1,1,1,1,1,1,1,1,1,1,1,1,1,1,1,1,1,1,1,1,1,1,1,1,1,1
Slc2a4rg-ps,Slc2a4rg-ps,-9.0666,-0.11187,NA,NA,NA,NA,NA,NA,-1,0,NA,NA,NA,NA,NA,NA,0.0922516743588169,0.408808632142878,NA,NA,NA,NA,NA,NA,6.34967068741298,NA,NA,NA,NA,NA,NA,0.401844909352679,-1,-1,-1,-1,-1,-1,-1,0,0,0,0,0,0,0,0,0,0,0,0,0,0,0,0,0,0,0,0,0,0,0,0,0
Pdcd6ip,Pdcd6ip,9.2775,-1280.9,1.1253,NA,NA,NA,NA,NA,1,0,0,NA,NA,NA,NA,NA,0.0713512071170412,0.144966367395279,0.356027128468644,NA,NA,NA,NA,NA,14.9941471196484,15.0517491775105,NA,NA,NA,NA,NA,0.401544016886588,1,1,1,1,1,1,1,1,1,1,1,1,1,1,1,1,0,0,0,0,0,0,0,0,0,0,0,0,0,0,0,0
Mettl24,Mettl24,-0.4525,4.5786,-314.34,0.078459,NA,NA,NA,NA,0,1,0,0,NA,NA,NA,NA,0.229969008760695,0.0775600567494511,0.186182425607556,0.405718795712018,NA,NA,NA,NA,11.6974856201757,15.0163687448036,15.0616682881205,NA,NA,NA,NA,0.400760138626038,0,0,0,0,0,0,0,0,0,0,0,1,1,1,1,1,0,1,0,0,0,0,0,0,0,0,0,0,0,0,0,0
Moxd1,Moxd1,0.580709016022378,NA,NA,NA,NA,NA,NA,NA,1,NA,NA,NA,NA,NA,NA,NA,6.05306712180434e-05,NA,NA,NA,NA,NA,NA,NA,NA,NA,NA,NA,NA,NA,NA,0.39961626056925,1,1,1,1,1,1,1,1,1,1,1,1,1,1,1,1,1,1,1,1,1,1,1,1,1,1,1,1,1,1,1,1
Gm44001,Gm44001,-1.8369,0.43817,NA,NA,NA,NA,NA,NA,-1,0,NA,NA,NA,NA,NA,NA,0.0772206152813139,0.212878033676929,NA,NA,NA,NA,NA,NA,12.4876326752073,NA,NA,NA,NA,NA,NA,0.397964740282323,-1,-1,-1,-1,-1,-1,-1,-1,-1,-1,-1,-1,-1,-1,-1,-1,0,0,0,0,0,0,0,0,0,0,0,0,0,0,0,0
Neat1,Neat1,-342.43,27.493,NA,NA,NA,NA,NA,NA,-1,0,NA,NA,NA,NA,NA,NA,0.0833088364637285,0.380668679377246,NA,NA,NA,NA,NA,NA,12.4904707436379,NA,NA,NA,NA,NA,NA,0.397886515427784,-1,-1,-1,-1,-1,-1,-1,-1,-1,-1,-1,-1,-1,-1,-1,-1,0,0,0,0,0,0,0,0,0,0,0,0,0,0,0,0
Nr1h2,Nr1h2,-5.696,38391,-59.043,5.271,NA,NA,NA,NA,-1,0,0,0,NA,NA,NA,NA,0.0887901910654437,0.112714643625624,0.438183830633586,0.191382026614433,NA,NA,NA,NA,15.021106386128,15.0259167760132,18.2259050698516,NA,NA,NA,NA,0.395616456763037,-1,-1,-1,-1,-1,-1,-1,-1,-1,-1,-1,-1,-1,-1,-1,-1,-1,0,-1,0,0,0,0,0,0,0,0,0,0,0,0,0
Rgma,Rgma,-2.4751,0.26437,NA,NA,NA,NA,NA,NA,-1,0,NA,NA,NA,NA,NA,NA,0.0984220957898202,0.24756778959703,NA,NA,NA,NA,NA,NA,9.92437475904262,NA,NA,NA,NA,NA,NA,0.394348127953155,-1,-1,-1,-1,-1,-1,-1,-1,-1,-1,-1,0,0,0,0,0,0,0,0,0,0,0,0,0,0,0,0,0,0,0,0,0
Gm45805,Gm45805,-0.079291,126.85,-0.30723,NA,NA,NA,NA,NA,0,0,-1,NA,NA,NA,NA,NA,0.141598474868611,0.277697405397683,0.0825861964831686,NA,NA,NA,NA,NA,17.9862234054177,18.0065770948331,NA,NA,NA,NA,NA,0.392854130569105,0,0,0,0,0,0,0,0,0,0,0,0,0,0,0,0,0,0,0,0,0,0,-1,0,-1,-1,-1,-1,-1,-1,-1,-1
Kcnc3,Kcnc3,-0.88865,0.70866,NA,NA,NA,NA,NA,NA,-1,0,NA,NA,NA,NA,NA,NA,0.0952110112442612,0.170000631462478,NA,NA,NA,NA,NA,NA,17.948252602838,NA,NA,NA,NA,NA,NA,0.39260325717457,-1,-1,-1,-1,-1,-1,-1,-1,-1,-1,-1,-1,-1,-1,-1,-1,-1,-1,-1,-1,0,0,0,0,0,0,0,0,0,0,0,0
Snrpg,Snrpg,0.34131,-338.09,NA,NA,NA,NA,NA,NA,1,0,NA,NA,NA,NA,NA,NA,0.0786856281575045,0.346226350372634,NA,NA,NA,NA,NA,NA,26.9897451084363,NA,NA,NA,NA,NA,NA,0.392555214659684,1,1,1,1,1,1,1,1,1,1,1,1,1,1,1,1,1,1,1,1,1,1,1,1,1,1,1,1,1,0,0,1
4933417O13Rik,4933417O13Rik,-0.76953,62.521,-0.22115,NA,NA,NA,NA,NA,-1,0,0,NA,NA,NA,NA,NA,0.0734650505281483,0.390640723906649,0.245667384935741,NA,NA,NA,NA,NA,14.9747925676745,15.0863895353713,NA,NA,NA,NA,NA,0.392427596470648,-1,-1,-1,-1,-1,-1,-1,-1,-1,-1,-1,-1,-1,-1,-1,-1,0,-1,0,0,0,0,0,0,0,0,0,0,0,0,0,0
Abhd15,Abhd15,-1.4946,-0.0003891,341.19,-5.6378,NA,NA,NA,NA,0,0,0,-1,NA,NA,NA,NA,0.243118528012354,0.499653042361466,0.209188639806555,0.0903936885229613,NA,NA,NA,NA,8.83545982576215,20.9994917330439,21.0965459822323,NA,NA,NA,NA,0.391238622502603,0,0,0,0,0,0,0,0,0,0,0,0,0,0,0,0,0,0,0,0,0,0,0,0,0,0,0,-1,-1,-1,-1,-1
Gm48015,Gm48015,-699.34,0.010079,NA,NA,NA,NA,NA,NA,-1,0,NA,NA,NA,NA,NA,NA,0.0993140932287425,0.481535845564698,NA,NA,NA,NA,NA,NA,2.99512836229576,NA,NA,NA,NA,NA,NA,0.39077926411056,-1,-1,-1,0,0,0,0,0,0,0,0,0,0,0,0,0,0,0,0,0,0,0,0,0,0,0,0,0,0,0,0,0
Gnaz,Gnaz,-1.6457,0.55307,NA,NA,NA,NA,NA,NA,-1,0,NA,NA,NA,NA,NA,NA,0.0735651238583906,0.155965310124509,NA,NA,NA,NA,NA,NA,12.4325471604898,NA,NA,NA,NA,NA,NA,0.390022703487889,-1,-1,-1,-1,-1,-1,-1,-1,-1,-1,-1,-1,-1,-1,-1,-1,0,0,0,0,0,0,0,0,0,0,0,0,0,0,0,0
Gm12298,Gm12298,0.53182,-0.88776,NA,NA,NA,NA,NA,NA,0,-1,NA,NA,NA,NA,NA,NA,0.132659185468341,0.0852552807151869,NA,NA,NA,NA,NA,NA,15.0378917411646,NA,NA,NA,NA,NA,NA,0.38998876949694,0,0,0,0,0,0,0,0,0,0,0,0,0,0,0,0,-1,0,-1,0,-1,-1,-1,-1,-1,-1,-1,-1,-1,-1,-1,-1
Filip1,Filip1,-1.3321,0.15005,NA,NA,NA,NA,NA,NA,-1,0,NA,NA,NA,NA,NA,NA,0.0997296846041768,0.350730015045186,NA,NA,NA,NA,NA,NA,12.0223505593256,NA,NA,NA,NA,NA,NA,0.385353456995657,-1,-1,-1,-1,-1,-1,-1,-1,-1,-1,-1,-1,0,-1,-1,-1,0,0,0,0,0,0,0,0,0,0,0,0,0,0,0,0
Rdh11,Rdh11,1.12249557755238,NA,NA,NA,NA,NA,NA,NA,1,NA,NA,NA,NA,NA,NA,NA,0.00939065898454033,NA,NA,NA,NA,NA,NA,NA,NA,NA,NA,NA,NA,NA,NA,0.384747844828281,1,1,1,1,1,1,1,1,1,1,1,1,1,1,1,1,1,1,1,1,1,1,1,1,1,1,1,1,1,1,1,1
Snrnp35,Snrnp35,3.0907,-402.46,0.050658,NA,NA,NA,NA,NA,1,0,0,NA,NA,NA,NA,NA,0.0772592085737616,0.474335997705402,0.411542286295471,NA,NA,NA,NA,NA,8.98934537977852,9.02503110531638,NA,NA,NA,NA,NA,0.382059467257522,1,1,1,1,1,1,1,0,0,1,0,0,0,0,0,0,0,0,0,0,0,0,0,0,0,0,0,0,0,0,0,0
Pdlim7,Pdlim7,-9.5749,-0.039989,3.3429,NA,NA,NA,NA,NA,-1,0,0,NA,NA,NA,NA,NA,0.0860993715199018,0.477257656544213,0.235735094165438,NA,NA,NA,NA,NA,6.32726794114976,23.3703820683142,NA,NA,NA,NA,NA,0.382057436996077,-1,-1,-1,-1,-1,-1,-1,0,0,0,0,0,0,0,0,0,0,0,0,0,0,0,0,0,0,0,0,0,0,0,0,0
Nsmf,Nsmf,-8.3546,2.0389,NA,NA,NA,NA,NA,NA,-1,0,NA,NA,NA,NA,NA,NA,0.0949353904039743,0.125991616235667,NA,NA,NA,NA,NA,NA,10.5926456667222,NA,NA,NA,NA,NA,NA,0.38152220637677,-1,-1,-1,-1,-1,-1,-1,-1,-1,-1,-1,0,0,0,0,0,0,0,0,0,0,0,0,0,0,0,0,0,0,0,0,0
Fmo5,Fmo5,0.427205371617755,NA,NA,NA,NA,NA,NA,NA,1,NA,NA,NA,NA,NA,NA,NA,0.0145004937044095,NA,NA,NA,NA,NA,NA,NA,NA,NA,NA,NA,NA,NA,NA,0.381424745778394,1,1,1,1,1,1,1,1,1,1,1,1,1,1,1,1,1,1,1,1,1,1,1,1,1,1,1,1,1,1,1,1
Gm16141,Gm16141,-3.2105,0.029286,NA,NA,NA,NA,NA,NA,-1,0,NA,NA,NA,NA,NA,NA,0.0894733700338,0.429571603594938,NA,NA,NA,NA,NA,NA,6.49138430729203,NA,NA,NA,NA,NA,NA,0.378461759226467,-1,-1,-1,-1,-1,-1,-1,0,0,0,0,0,0,0,0,0,0,0,0,0,0,0,0,0,0,0,0,0,0,0,0,0
Ankrd10,Ankrd10,-2.37111189245035,NA,NA,NA,NA,NA,NA,NA,-1,NA,NA,NA,NA,NA,NA,NA,0.000140456154296996,NA,NA,NA,NA,NA,NA,NA,NA,NA,NA,NA,NA,NA,NA,0.377775969112575,-1,-1,-1,-1,-1,-1,-1,-1,-1,-1,-1,-1,-1,-1,-1,-1,-1,-1,-1,-1,-1,-1,-1,-1,-1,-1,-1,-1,-1,-1,-1,-1
Cpxm2,Cpxm2,0.609529836600223,NA,NA,NA,NA,NA,NA,NA,1,NA,NA,NA,NA,NA,NA,NA,0.000126239021554305,NA,NA,NA,NA,NA,NA,NA,NA,NA,NA,NA,NA,NA,NA,0.374170065883795,1,1,1,1,1,1,1,1,1,1,1,1,1,1,1,1,1,1,1,1,1,1,1,1,1,1,1,1,1,1,1,1
Gdi1,Gdi1,-31.229,2.0202,NA,NA,NA,NA,NA,NA,-1,0,NA,NA,NA,NA,NA,NA,0.0995787199946267,0.32626210416282,NA,NA,NA,NA,NA,NA,9.76198455799449,NA,NA,NA,NA,NA,NA,0.371691118347769,-1,-1,-1,-1,-1,-1,-1,-1,-1,-1,-1,0,0,0,0,0,0,0,0,0,0,0,0,0,0,0,0,0,0,0,0,0
D830024N08Rik,D830024N08Rik,-0.33922,2.274,-187,0.05338,NA,NA,NA,NA,0,1,0,0,NA,NA,NA,NA,0.265165502299204,0.0849376398680706,0.173222033302977,0.444511431405647,NA,NA,NA,NA,11.6769321403381,17.9349805469831,18.0062870841234,NA,NA,NA,NA,0.371676278056132,0,0,0,0,0,0,0,0,0,0,0,1,1,1,1,1,1,1,1,1,0,0,0,0,0,0,0,0,0,0,0,0
Klhdc4,Klhdc4,-3334.9,0.15491,NA,NA,NA,NA,NA,NA,-1,0,NA,NA,NA,NA,NA,NA,0.0852708891071471,0.344871431085977,NA,NA,NA,NA,NA,NA,3.05818951012968,NA,NA,NA,NA,NA,NA,0.371641502477436,-1,-1,-1,0,0,0,0,0,0,0,0,0,0,0,0,0,0,0,0,0,0,0,0,0,0,0,0,0,0,0,0,0
Cpq,Cpq,-9.1506,1.4864,NA,NA,NA,NA,NA,NA,0,1,NA,NA,NA,NA,NA,NA,0.110381364153265,0.0939423831800559,NA,NA,NA,NA,NA,NA,6.59563884483993,NA,NA,NA,NA,NA,NA,0.370487548063318,0,0,0,0,0,0,0,1,1,1,1,1,1,1,1,1,1,1,1,1,1,1,1,1,1,1,1,1,1,1,1,1
Blcap,Blcap,17.638,-1580.5,0.24436,NA,NA,NA,NA,NA,1,0,0,NA,NA,NA,NA,NA,0.0867288059849005,0.152255636649823,0.343403875293826,NA,NA,NA,NA,NA,6.02797004451032,6.06264699078708,NA,NA,NA,NA,NA,0.369774279191183,1,1,1,1,0,0,0,0,0,0,0,0,0,0,0,0,0,0,0,0,0,0,0,0,0,0,0,0,0,0,0,0
Gch1,Gch1,2.0775,-2242.7,NA,NA,NA,NA,NA,NA,1,0,NA,NA,NA,NA,NA,NA,0.0764746297225703,0.26405700875928,NA,NA,NA,NA,NA,NA,26.9780563048308,NA,NA,NA,NA,NA,NA,0.369015361380322,1,1,1,1,1,1,1,1,1,1,1,1,1,1,1,1,1,1,1,1,1,1,1,1,1,1,1,1,1,0,0,1
Nid2,Nid2,-10.074,0.65166,NA,NA,NA,NA,NA,NA,-1,0,NA,NA,NA,NA,NA,NA,0.0791957890914038,0.156787027163811,NA,NA,NA,NA,NA,NA,6.25203024285387,NA,NA,NA,NA,NA,NA,0.367832163232081,-1,-1,-1,-1,-1,-1,-1,0,0,0,0,0,0,0,0,0,0,0,0,0,0,0,0,0,0,0,0,0,0,0,0,0
Hmgn1,Hmgn1,-2.578,52.043,-8.8466,2.1484,NA,NA,NA,NA,0,0,-1,0,NA,NA,NA,NA,0.172499530744816,0.40022741734034,0.0976585823312998,0.2045161486232,NA,NA,NA,NA,11.7577360468744,12.9441446032115,18.8948117390954,NA,NA,NA,NA,0.367531184464038,0,0,0,0,0,0,0,0,0,0,0,0,0,0,0,0,-1,-1,-1,-1,-1,-1,-1,-1,0,0,0,0,0,0,0,0
Cd248,Cd248,-15.328,1.5239,NA,NA,NA,NA,NA,NA,-1,0,NA,NA,NA,NA,NA,NA,0.0928928751053386,0.125014618457174,NA,NA,NA,NA,NA,NA,6.70742711816395,NA,NA,NA,NA,NA,NA,0.364034730536222,-1,-1,-1,-1,-1,-1,-1,0,0,0,0,0,0,0,0,0,0,0,0,0,0,0,0,0,0,0,0,0,0,0,0,0
Mif4gd,Mif4gd,-3.7736,441.84,-2.327,NA,NA,NA,NA,NA,-1,0,0,NA,NA,NA,NA,NA,0.0866136966945041,0.164741467198202,0.127867856525417,NA,NA,NA,NA,NA,14.9598312936628,15.0466891473041,NA,NA,NA,NA,NA,0.363443280248993,-1,-1,-1,-1,-1,-1,-1,-1,-1,-1,-1,-1,-1,-1,-1,-1,0,0,0,0,0,0,0,0,0,0,0,0,0,0,0,0
Gm45552,Gm45552,0.112625843383225,NA,NA,NA,NA,NA,NA,NA,1,NA,NA,NA,NA,NA,NA,NA,0.0101733077191152,NA,NA,NA,NA,NA,NA,NA,NA,NA,NA,NA,NA,NA,NA,0.36047162421527,1,1,1,1,1,1,1,1,1,1,1,1,1,1,1,1,1,1,1,1,1,1,1,1,1,1,1,1,1,1,1,1
Zmiz1,Zmiz1,-21.439,-0.034135,NA,NA,NA,NA,NA,NA,-1,0,NA,NA,NA,NA,NA,NA,0.099437215772957,0.488707921489911,NA,NA,NA,NA,NA,NA,6.08096836273422,NA,NA,NA,NA,NA,NA,0.357321816003546,-1,-1,-1,-1,-1,-1,-1,0,0,0,0,0,0,0,0,0,0,0,0,0,0,0,0,0,0,0,0,0,0,0,0,0
Slc30a9,Slc30a9,4.7279,-1.8541,NA,NA,NA,NA,NA,NA,1,0,NA,NA,NA,NA,NA,NA,0.0898225136139205,0.16274569234605,NA,NA,NA,NA,NA,NA,13.2832503365193,NA,NA,NA,NA,NA,NA,0.356961315993924,1,1,1,1,1,1,1,1,1,1,1,1,1,1,1,1,0,0,0,0,0,0,0,0,0,0,0,0,0,0,0,0
Hs3st3b1,Hs3st3b1,12.186,-5.0525,9.4768,NA,NA,NA,NA,NA,0,-1,0,NA,NA,NA,NA,NA,0.11754734667583,0.0932392864363309,0.220517353765189,NA,NA,NA,NA,NA,8.97893652585664,21.9606216454205,NA,NA,NA,NA,NA,0.356473870651568,0,0,0,0,0,0,0,-1,-1,0,-1,-1,-1,-1,-1,-1,-1,-1,-1,-1,-1,-1,-1,-1,-1,-1,-1,0,0,0,0,0
Tbca,Tbca,4.596,-2.6051,1.4179,NA,NA,NA,NA,NA,1,0,0,NA,NA,NA,NA,NA,0.0820491057165143,0.163618688801118,0.153773372033439,NA,NA,NA,NA,NA,9.03022832619589,17.0582546708985,NA,NA,NA,NA,NA,0.355982461692577,1,1,1,1,1,1,1,1,0,1,1,0,0,0,0,0,0,0,0,0,0,0,0,0,0,0,0,0,0,0,0,0
1110002L01Rik,1110002L01Rik,-0.48114,2.7266,NA,NA,NA,NA,NA,NA,-1,0,NA,NA,NA,NA,NA,NA,0.0808301114911624,0.121856397365611,NA,NA,NA,NA,NA,NA,23.745452287377,NA,NA,NA,NA,NA,NA,0.354946495170273,-1,-1,-1,-1,-1,-1,-1,-1,-1,-1,-1,-1,-1,-1,-1,-1,-1,-1,-1,-1,-1,-1,-1,-1,-1,-1,-1,0,0,0,0,0
Apod,Apod,1.27122252327493,NA,NA,NA,NA,NA,NA,NA,1,NA,NA,NA,NA,NA,NA,NA,0.000579571494543113,NA,NA,NA,NA,NA,NA,NA,NA,NA,NA,NA,NA,NA,NA,0.354863052342234,1,1,1,1,1,1,1,1,1,1,1,1,1,1,1,1,1,1,1,1,1,1,1,1,1,1,1,1,1,1,1,1
Clec11a,Clec11a,2.38840725734044,NA,NA,NA,NA,NA,NA,NA,1,NA,NA,NA,NA,NA,NA,NA,0.0624201392503416,NA,NA,NA,NA,NA,NA,NA,NA,NA,NA,NA,NA,NA,NA,0.354726665423162,1,1,1,1,1,1,1,1,1,1,1,1,1,1,1,1,1,1,1,1,1,1,1,1,1,1,1,1,1,1,1,1
Gm45640,Gm45640,-1.9351,0.37595,NA,NA,NA,NA,NA,NA,-1,0,NA,NA,NA,NA,NA,NA,0.0917706015470897,0.27391188666851,NA,NA,NA,NA,NA,NA,13.1908336676714,NA,NA,NA,NA,NA,NA,0.354340241662842,-1,-1,-1,-1,-1,-1,-1,-1,-1,-1,-1,-1,-1,-1,-1,-1,0,0,0,0,0,0,0,0,0,0,0,0,0,0,0,0
Kif20a,Kif20a,-0.142665372802694,NA,NA,NA,NA,NA,NA,NA,-1,NA,NA,NA,NA,NA,NA,NA,0.0443295164900927,NA,NA,NA,NA,NA,NA,NA,NA,NA,NA,NA,NA,NA,NA,0.353466670233065,-1,-1,-1,-1,-1,-1,-1,-1,-1,-1,-1,-1,-1,-1,-1,-1,-1,-1,-1,-1,-1,-1,-1,-1,-1,-1,-1,-1,-1,-1,-1,-1
Chodl,Chodl,0.0076093,68.141,-530.87,0.23375,NA,NA,NA,NA,0,0,-1,0,NA,NA,NA,NA,0.488420540618744,0.362262847967818,0.0894562270583054,0.410545321160837,NA,NA,NA,NA,17.9483568402497,20.6832846417866,21.0378715034011,NA,NA,NA,NA,0.353385252971982,0,0,0,0,0,0,0,0,0,0,0,0,0,0,0,0,0,0,0,0,0,0,0,0,-1,0,-1,0,0,0,0,0
Tjp1,Tjp1,-1.7602,39.22,-1878.7,-0.060572,NA,NA,NA,NA,0,0,-1,0,NA,NA,NA,NA,0.290876202235846,0.487494313266328,0.0947598041264838,0.488892948595513,NA,NA,NA,NA,12.0032767017944,14.9422771274289,15.0016253997425,NA,NA,NA,NA,0.35335929086753,0,0,0,0,0,0,0,0,0,0,0,0,0,0,0,0,-1,-1,-1,0,0,0,0,0,0,0,0,0,0,0,0,0
Gm4285,Gm4285,-1.5252,0.25696,NA,NA,NA,NA,NA,NA,-1,0,NA,NA,NA,NA,NA,NA,0.0908380796924618,0.165061487085362,NA,NA,NA,NA,NA,NA,9.77872697482142,NA,NA,NA,NA,NA,NA,0.353248662918782,-1,-1,-1,-1,-1,-1,-1,-1,-1,-1,-1,0,0,0,0,0,0,0,0,0,0,0,0,0,0,0,0,0,0,0,0,0
Cyp27a1,Cyp27a1,-1.3148,3.3755,NA,NA,NA,NA,NA,NA,0,1,NA,NA,NA,NA,NA,NA,0.139362661982786,0.0866113975479616,NA,NA,NA,NA,NA,NA,16.8922554145767,NA,NA,NA,NA,NA,NA,0.352683837009583,0,0,0,0,0,0,0,0,0,0,0,0,0,0,0,0,0,0,0,0,1,1,1,1,1,1,1,1,1,1,1,1
Stk11,Stk11,-2.40676973387055,NA,NA,NA,NA,NA,NA,NA,-1,NA,NA,NA,NA,NA,NA,NA,0.000347965158412735,NA,NA,NA,NA,NA,NA,NA,NA,NA,NA,NA,NA,NA,NA,0.352403142402813,-1,-1,-1,-1,-1,-1,-1,-1,-1,-1,-1,-1,-1,-1,-1,-1,-1,-1,-1,-1,-1,-1,-1,-1,-1,-1,-1,-1,-1,-1,-1,-1
Atp6v0e2,Atp6v0e2,-2.0762,0.97347,NA,NA,NA,NA,NA,NA,-1,0,NA,NA,NA,NA,NA,NA,0.0832683657847688,0.130598211304711,NA,NA,NA,NA,NA,NA,12.8410724977131,NA,NA,NA,NA,NA,NA,0.351769539441905,-1,-1,-1,-1,-1,-1,-1,-1,-1,-1,-1,-1,-1,-1,-1,-1,0,0,0,0,0,0,0,0,0,0,0,0,0,0,0,0
Fam193b,Fam193b,-24.507,0.5339,NA,NA,NA,NA,NA,NA,-1,0,NA,NA,NA,NA,NA,NA,0.0975194132833854,0.43474062028651,NA,NA,NA,NA,NA,NA,9.09297938332689,NA,NA,NA,NA,NA,NA,0.350927620592098,-1,-1,-1,-1,-1,-1,-1,-1,-1,-1,-1,0,0,0,0,0,0,0,0,0,0,0,0,0,0,0,0,0,0,0,0,0
Csnk2a1,Csnk2a1,-0.785347465427146,NA,NA,NA,NA,NA,NA,NA,-1,NA,NA,NA,NA,NA,NA,NA,0.00430663340970097,NA,NA,NA,NA,NA,NA,NA,NA,NA,NA,NA,NA,NA,NA,0.350054246945731,-1,-1,-1,-1,-1,-1,-1,-1,-1,-1,-1,-1,-1,-1,-1,-1,-1,-1,-1,-1,-1,-1,-1,-1,-1,-1,-1,-1,-1,-1,-1,-1
Yap1,Yap1,-2.0267,913.89,-138.45,0.47446,NA,NA,NA,NA,0,1,0,0,NA,NA,NA,NA,0.201225166362045,0.0967037954230303,0.359100625208605,0.39004287668122,NA,NA,NA,NA,11.9740369008511,12.3939410296795,15.0914140167823,NA,NA,NA,NA,0.349760695400423,0,0,0,0,0,0,0,0,0,0,0,1,0,1,1,0,0,0,0,0,0,0,0,0,0,0,0,0,0,0,0,0
Vmn1r185,Vmn1r185,178.27,-537.86,0.0034057,NA,NA,NA,NA,NA,0,-1,0,NA,NA,NA,NA,NA,0.203050915201412,0.0956831459704049,0.494376049582357,NA,NA,NA,NA,NA,5.27863883659126,6.03514246701193,NA,NA,NA,NA,NA,0.349460118702041,0,0,0,-1,-1,-1,-1,0,0,0,0,0,0,0,0,0,0,0,0,0,0,0,0,0,0,0,0,0,0,0,0,0
Gm42679,Gm42679,-2.8196,0.06202,NA,NA,NA,NA,NA,NA,-1,0,NA,NA,NA,NA,NA,NA,0.0918659098162148,0.346096573183976,NA,NA,NA,NA,NA,NA,6.34929308409168,NA,NA,NA,NA,NA,NA,0.348085419052173,-1,-1,-1,-1,-1,-1,-1,0,0,0,0,0,0,0,0,0,0,0,0,0,0,0,0,0,0,0,0,0,0,0,0,0
Rnase4,Rnase4,14.3258339522034,NA,NA,NA,NA,NA,NA,NA,1,NA,NA,NA,NA,NA,NA,NA,0.000761976049487378,NA,NA,NA,NA,NA,NA,NA,NA,NA,NA,NA,NA,NA,NA,0.346521011091593,1,1,1,1,1,1,1,1,1,1,1,1,1,1,1,1,1,1,1,1,1,1,1,1,1,1,1,1,1,1,1,1
Klc2,Klc2,-0.62447,1823.1,-0.80252,NA,NA,NA,NA,NA,-1,0,0,NA,NA,NA,NA,NA,0.0939316126096722,0.210262414038236,0.191036273996283,NA,NA,NA,NA,NA,18.032007548516,18.0387941507906,NA,NA,NA,NA,NA,0.346220681274101,-1,-1,-1,-1,-1,-1,-1,-1,-1,-1,-1,-1,-1,-1,-1,-1,-1,-1,-1,-1,-1,0,0,-1,0,0,0,0,0,0,0,0
Fpgt,Fpgt,8.8776,-0.78481,NA,NA,NA,NA,NA,NA,1,0,NA,NA,NA,NA,NA,NA,0.0995696761735204,0.147564521348841,NA,NA,NA,NA,NA,NA,6.03191425466562,NA,NA,NA,NA,NA,NA,0.34414385954224,1,1,1,1,1,1,1,0,0,0,0,0,0,0,0,0,0,0,0,0,0,0,0,0,0,0,0,0,0,0,0,0
Krba1,Krba1,-2066.9,0.5548,NA,NA,NA,NA,NA,NA,-1,0,NA,NA,NA,NA,NA,NA,0.0991464016364643,0.210995535977559,NA,NA,NA,NA,NA,NA,3.00543409896132,NA,NA,NA,NA,NA,NA,0.343795602813973,-1,-1,-1,0,0,0,0,0,0,0,0,0,0,0,0,0,0,0,0,0,0,0,0,0,0,0,0,0,0,0,0,0
Ppp6r3,Ppp6r3,-20.149,-0.093543,NA,NA,NA,NA,NA,NA,-1,0,NA,NA,NA,NA,NA,NA,0.0937569262916546,0.46450039192017,NA,NA,NA,NA,NA,NA,6.10780526711006,NA,NA,NA,NA,NA,NA,0.343231509568584,-1,-1,-1,-1,-1,-1,-1,0,0,0,0,0,0,0,0,0,0,0,0,0,0,0,0,0,0,0,0,0,0,0,0,0
Hyi,Hyi,-1.8947,0.29583,NA,NA,NA,NA,NA,NA,-1,0,NA,NA,NA,NA,NA,NA,0.0927665709340582,0.309191240973693,NA,NA,NA,NA,NA,NA,12.0498640889503,NA,NA,NA,NA,NA,NA,0.342150013878376,-1,-1,-1,-1,-1,-1,-1,-1,-1,-1,-1,-1,-1,-1,-1,-1,0,0,0,0,0,0,0,0,0,0,0,0,0,0,0,0
Pcsk6,Pcsk6,1.1779475090132,NA,NA,NA,NA,NA,NA,NA,1,NA,NA,NA,NA,NA,NA,NA,0.00524424411011991,NA,NA,NA,NA,NA,NA,NA,NA,NA,NA,NA,NA,NA,NA,0.340059077502282,1,1,1,1,1,1,1,1,1,1,1,1,1,1,1,1,1,1,1,1,1,1,1,1,1,1,1,1,1,1,1,1
Tanc1,Tanc1,-1.53642858775077,NA,NA,NA,NA,NA,NA,NA,-1,NA,NA,NA,NA,NA,NA,NA,0.00271034193911486,NA,NA,NA,NA,NA,NA,NA,NA,NA,NA,NA,NA,NA,NA,0.340004441481641,-1,-1,-1,-1,-1,-1,-1,-1,-1,-1,-1,-1,-1,-1,-1,-1,-1,-1,-1,-1,-1,-1,-1,-1,-1,-1,-1,-1,-1,-1,-1,-1
Fgl2,Fgl2,32.935,-9.5515,NA,NA,NA,NA,NA,NA,0,-1,NA,NA,NA,NA,NA,NA,0.17688211929788,0.0929851827278401,NA,NA,NA,NA,NA,NA,8.94767237067963,NA,NA,NA,NA,NA,NA,0.339258234141863,0,0,0,0,0,0,0,-1,-1,-1,-1,-1,-1,-1,-1,-1,-1,-1,-1,-1,-1,-1,-1,-1,-1,-1,-1,-1,-1,-1,-1,-1
Spats2,Spats2,-4.9314,0.35263,NA,NA,NA,NA,NA,NA,-1,0,NA,NA,NA,NA,NA,NA,0.0976237540183403,0.173230565728164,NA,NA,NA,NA,NA,NA,6.08686228942042,NA,NA,NA,NA,NA,NA,0.338436992079225,-1,-1,-1,-1,-1,-1,-1,0,0,0,0,0,0,0,0,0,0,0,0,0,0,0,0,0,0,0,0,0,0,0,0,0
Cnnm2,Cnnm2,5.3785,-790.74,0.24568,NA,NA,NA,NA,NA,1,0,0,NA,NA,NA,NA,NA,0.0957389899123348,0.389414880114743,0.267387830401939,NA,NA,NA,NA,NA,8.97452666782163,9.00757551619229,NA,NA,NA,NA,NA,0.337775145463832,1,1,1,1,1,1,1,0,0,1,0,0,0,0,0,0,0,0,0,0,0,0,0,0,0,0,0,0,0,0,0,0
Tardbp,Tardbp,-1.54546234581766,NA,NA,NA,NA,NA,NA,NA,-1,NA,NA,NA,NA,NA,NA,NA,0.0032530755384036,NA,NA,NA,NA,NA,NA,NA,NA,NA,NA,NA,NA,NA,NA,0.336262094784423,-1,-1,-1,-1,-1,-1,-1,-1,-1,-1,-1,-1,-1,-1,-1,-1,-1,-1,-1,-1,-1,-1,-1,-1,-1,-1,-1,-1,-1,-1,-1,-1
Gtf2a2,Gtf2a2,1.1873,-7.8352,NA,NA,NA,NA,NA,NA,1,0,NA,NA,NA,NA,NA,NA,0.0743856924348913,0.481766171471113,NA,NA,NA,NA,NA,NA,24.8465199188095,NA,NA,NA,NA,NA,NA,0.334712271336893,1,1,1,1,1,1,1,1,1,1,1,1,1,1,1,1,1,1,1,1,1,1,1,1,1,1,1,1,1,0,0,0
Brix1,Brix1,0.310913640911644,NA,NA,NA,NA,NA,NA,NA,1,NA,NA,NA,NA,NA,NA,NA,0.0697430659447374,NA,NA,NA,NA,NA,NA,NA,NA,NA,NA,NA,NA,NA,NA,0.33447637203517,1,1,1,1,1,1,1,1,1,1,1,1,1,1,1,1,1,1,1,1,1,1,1,1,1,1,1,1,1,1,1,1
Caml,Caml,-0.86894118917074,NA,NA,NA,NA,NA,NA,NA,-1,NA,NA,NA,NA,NA,NA,NA,0.00103133544222345,NA,NA,NA,NA,NA,NA,NA,NA,NA,NA,NA,NA,NA,NA,0.334446698366717,-1,-1,-1,-1,-1,-1,-1,-1,-1,-1,-1,-1,-1,-1,-1,-1,-1,-1,-1,-1,-1,-1,-1,-1,-1,-1,-1,-1,-1,-1,-1,-1
Tinagl1,Tinagl1,-20.437,2.6008,-0.95252,NA,NA,NA,NA,NA,-1,0,0,NA,NA,NA,NA,NA,0.0857011900774273,0.342261136368507,0.296327513657176,NA,NA,NA,NA,NA,6.66380357169072,14.9662865581349,NA,NA,NA,NA,NA,0.333132545682573,-1,-1,-1,-1,-1,-1,-1,0,0,0,0,0,0,0,0,0,0,0,0,0,0,0,0,0,0,0,0,0,0,0,0,0
Chkb,Chkb,-5.4201,0.3293,NA,NA,NA,NA,NA,NA,-1,0,NA,NA,NA,NA,NA,NA,0.0924209489872229,0.324124619281339,NA,NA,NA,NA,NA,NA,9.22767289995909,NA,NA,NA,NA,NA,NA,0.333001536287637,-1,-1,-1,-1,-1,-1,-1,-1,-1,-1,-1,0,0,0,0,0,0,0,0,0,0,0,0,0,0,0,0,0,0,0,0,0
Trim11,Trim11,-5.6695,0.45666,NA,NA,NA,NA,NA,NA,-1,0,NA,NA,NA,NA,NA,NA,0.0985815090280941,0.292255919357536,NA,NA,NA,NA,NA,NA,9.45539669391236,NA,NA,NA,NA,NA,NA,0.332125236434104,-1,-1,-1,-1,-1,-1,-1,-1,-1,-1,-1,0,0,0,0,0,0,0,0,0,0,0,0,0,0,0,0,0,0,0,0,0
Meis3,Meis3,-4.6686,0.18581,NA,NA,NA,NA,NA,NA,-1,0,NA,NA,NA,NA,NA,NA,0.0936925860880954,0.379776623329476,NA,NA,NA,NA,NA,NA,9.04352653370417,NA,NA,NA,NA,NA,NA,0.331374699705147,-1,-1,-1,-1,-1,-1,-1,-1,-1,-1,-1,0,0,0,0,0,0,0,0,0,0,0,0,0,0,0,0,0,0,0,0,0
Ap4b1,Ap4b1,-0.79991,2.1181,-3.0845,NA,NA,NA,NA,NA,-1,0,0,NA,NA,NA,NA,NA,0.0918324012059978,0.150626355197516,0.125746013062849,NA,NA,NA,NA,NA,16.4658354276477,22.8865215134483,NA,NA,NA,NA,NA,0.331297477220249,-1,-1,-1,-1,-1,-1,-1,-1,-1,-1,-1,-1,-1,-1,-1,-1,-1,-1,-1,-1,0,0,0,0,0,0,0,0,0,0,0,0
Tnfrsf25,Tnfrsf25,-2.6406,0.055907,NA,NA,NA,NA,NA,NA,-1,0,NA,NA,NA,NA,NA,NA,0.0834668261497884,0.337109395487248,NA,NA,NA,NA,NA,NA,6.06397460276689,NA,NA,NA,NA,NA,NA,0.331137737781534,-1,-1,-1,-1,-1,-1,-1,0,0,0,0,0,0,0,0,0,0,0,0,0,0,0,0,0,0,0,0,0,0,0,0,0
Glt8d1,Glt8d1,-1252.2,-0.018066,NA,NA,NA,NA,NA,NA,-1,0,NA,NA,NA,NA,NA,NA,0.0991493913247942,0.474592805479164,NA,NA,NA,NA,NA,NA,3.04180884515977,NA,NA,NA,NA,NA,NA,0.330537342191174,-1,-1,-1,0,0,0,0,0,0,0,0,0,0,0,0,0,0,0,0,0,0,0,0,0,0,0,0,0,0,0,0,0
Vps11,Vps11,-1.2217,1.912,NA,NA,NA,NA,NA,NA,0,1,NA,NA,NA,NA,NA,NA,0.18719642833085,0.0998932243375802,NA,NA,NA,NA,NA,NA,13.4676414427054,NA,NA,NA,NA,NA,NA,0.329813850481687,0,0,0,0,0,0,0,0,0,0,0,0,0,0,0,0,1,1,1,1,1,1,1,1,1,1,1,1,1,1,1,1
Gm47585,Gm47585,-4.8183688399057,NA,NA,NA,NA,NA,NA,NA,-1,NA,NA,NA,NA,NA,NA,NA,0.00140934934546401,NA,NA,NA,NA,NA,NA,NA,NA,NA,NA,NA,NA,NA,NA,0.328795046357365,-1,-1,-1,-1,-1,-1,-1,-1,-1,-1,-1,-1,-1,-1,-1,-1,-1,-1,-1,-1,-1,-1,-1,-1,-1,-1,-1,-1,-1,-1,-1,-1
Hpse,Hpse,0.669983009972001,NA,NA,NA,NA,NA,NA,NA,1,NA,NA,NA,NA,NA,NA,NA,0.000337469405499436,NA,NA,NA,NA,NA,NA,NA,NA,NA,NA,NA,NA,NA,NA,0.328150540913679,1,1,1,1,1,1,1,1,1,1,1,1,1,1,1,1,1,1,1,1,1,1,1,1,1,1,1,1,1,1,1,1
Ccdc69,Ccdc69,-1.6665,0.12507,NA,NA,NA,NA,NA,NA,-1,0,NA,NA,NA,NA,NA,NA,0.0834582712008797,0.144683607818459,NA,NA,NA,NA,NA,NA,6.17071656723719,NA,NA,NA,NA,NA,NA,0.327570427892451,-1,-1,-1,-1,-1,-1,-1,0,0,0,0,0,0,0,0,0,0,0,0,0,0,0,0,0,0,0,0,0,0,0,0,0
Rftn2,Rftn2,0.574777824690079,NA,NA,NA,NA,NA,NA,NA,1,NA,NA,NA,NA,NA,NA,NA,0.000301254266904415,NA,NA,NA,NA,NA,NA,NA,NA,NA,NA,NA,NA,NA,NA,0.32562378134981,1,1,1,1,1,1,1,1,1,1,1,1,1,1,1,1,1,1,1,1,1,1,1,1,1,1,1,1,1,1,1,1
Fryl,Fryl,-2.08190371716117,NA,NA,NA,NA,NA,NA,NA,-1,NA,NA,NA,NA,NA,NA,NA,0.00444073188520744,NA,NA,NA,NA,NA,NA,NA,NA,NA,NA,NA,NA,NA,NA,0.32544801164194,-1,-1,-1,-1,-1,-1,-1,-1,-1,-1,-1,-1,-1,-1,-1,-1,-1,-1,-1,-1,-1,-1,-1,-1,-1,-1,-1,-1,-1,-1,-1,-1
Cnppd1,Cnppd1,-2.23368935372734,NA,NA,NA,NA,NA,NA,NA,-1,NA,NA,NA,NA,NA,NA,NA,0.000434257465706511,NA,NA,NA,NA,NA,NA,NA,NA,NA,NA,NA,NA,NA,NA,0.324904450357393,-1,-1,-1,-1,-1,-1,-1,-1,-1,-1,-1,-1,-1,-1,-1,-1,-1,-1,-1,-1,-1,-1,-1,-1,-1,-1,-1,-1,-1,-1,-1,-1
Nmnat2,Nmnat2,0.36988,-0.69735,NA,NA,NA,NA,NA,NA,1,0,NA,NA,NA,NA,NA,NA,0.0810799585479018,0.278134817008618,NA,NA,NA,NA,NA,NA,21.0449712917902,NA,NA,NA,NA,NA,NA,0.32474081500849,1,1,1,1,1,1,1,1,1,1,1,1,1,1,1,1,1,1,1,1,1,1,1,1,1,1,1,0,0,0,0,0
Snhg17,Snhg17,-10.662,1.7296,NA,NA,NA,NA,NA,NA,-1,0,NA,NA,NA,NA,NA,NA,0.0928718012127463,0.17427722009562,NA,NA,NA,NA,NA,NA,9.70373108410341,NA,NA,NA,NA,NA,NA,0.324513044309,-1,-1,-1,-1,-1,-1,-1,-1,-1,-1,-1,0,0,0,0,0,0,0,0,0,0,0,0,0,0,0,0,0,0,0,0,0
Rmnd5a,Rmnd5a,3.4844,-2.4064,NA,NA,NA,NA,NA,NA,1,0,NA,NA,NA,NA,NA,NA,0.085501201958701,0.174130694164001,NA,NA,NA,NA,NA,NA,15.0422059859835,NA,NA,NA,NA,NA,NA,0.324256852754321,1,1,1,1,1,1,1,1,1,1,1,1,1,1,1,1,1,1,1,1,0,0,0,0,0,0,0,0,0,0,0,0
Mapre3,Mapre3,-12.541,0.71668,NA,NA,NA,NA,NA,NA,-1,0,NA,NA,NA,NA,NA,NA,0.0941150389789945,0.200383553380521,NA,NA,NA,NA,NA,NA,6.66193953786213,NA,NA,NA,NA,NA,NA,0.323455766913077,-1,-1,-1,-1,-1,-1,-1,0,0,0,0,0,0,0,0,0,0,0,0,0,0,0,0,0,0,0,0,0,0,0,0,0
Ccl8,Ccl8,1.53438128190233,NA,NA,NA,NA,NA,NA,NA,1,NA,NA,NA,NA,NA,NA,NA,0.000630547476979527,NA,NA,NA,NA,NA,NA,NA,NA,NA,NA,NA,NA,NA,NA,0.322856120715765,1,1,1,1,1,1,1,1,1,1,1,1,1,1,1,1,1,1,1,1,1,1,1,1,1,1,1,1,1,1,1,1
Grrp1,Grrp1,-3.5621,0.18303,NA,NA,NA,NA,NA,NA,-1,0,NA,NA,NA,NA,NA,NA,0.0992511446159909,0.227732355414681,NA,NA,NA,NA,NA,NA,6.82982456774392,NA,NA,NA,NA,NA,NA,0.322650424078168,-1,-1,-1,-1,-1,-1,-1,0,0,0,0,0,0,0,0,0,0,0,0,0,0,0,0,0,0,0,0,0,0,0,0,0
Myl9,Myl9,-11.995,-0.0049738,NA,NA,NA,NA,NA,NA,-1,0,NA,NA,NA,NA,NA,NA,0.0998356234738869,0.497022170565462,NA,NA,NA,NA,NA,NA,6.27816519448524,NA,NA,NA,NA,NA,NA,0.322061149480045,-1,-1,-1,-1,-1,-1,-1,0,0,0,0,0,0,0,0,0,0,0,0,0,0,0,0,0,0,0,0,0,0,0,0,0
Wee1,Wee1,0.869508209812626,NA,NA,NA,NA,NA,NA,NA,1,NA,NA,NA,NA,NA,NA,NA,0.0115659096292907,NA,NA,NA,NA,NA,NA,NA,NA,NA,NA,NA,NA,NA,NA,0.321423965521089,1,1,1,1,1,1,1,1,1,1,1,1,1,1,1,1,1,1,1,1,1,1,1,1,1,1,1,1,1,1,1,1
Oxld1,Oxld1,0.24144,-632.93,NA,NA,NA,NA,NA,NA,1,0,NA,NA,NA,NA,NA,NA,0.0864278507170569,0.213737538972469,NA,NA,NA,NA,NA,NA,27.0034203859876,NA,NA,NA,NA,NA,NA,0.321290981112148,1,1,1,1,1,1,1,1,1,1,1,1,1,1,1,1,1,1,1,1,1,1,1,1,1,1,1,1,1,0,0,1
Naglu,Naglu,1.47054581352836,NA,NA,NA,NA,NA,NA,NA,1,NA,NA,NA,NA,NA,NA,NA,0.000320318869820704,NA,NA,NA,NA,NA,NA,NA,NA,NA,NA,NA,NA,NA,NA,0.32107800015926,1,1,1,1,1,1,1,1,1,1,1,1,1,1,1,1,1,1,1,1,1,1,1,1,1,1,1,1,1,1,1,1
Tbl2,Tbl2,5.8211,-1.7744,NA,NA,NA,NA,NA,NA,0,-1,NA,NA,NA,NA,NA,NA,0.165697052805557,0.0800757220830448,NA,NA,NA,NA,NA,NA,7.33407817909101,NA,NA,NA,NA,NA,NA,0.31941629659797,0,0,0,0,0,0,0,-1,-1,-1,-1,-1,-1,-1,-1,-1,-1,-1,-1,-1,-1,-1,-1,-1,-1,-1,-1,-1,-1,-1,-1,-1
Zc3h12d,Zc3h12d,-1.0771,0.33941,NA,NA,NA,NA,NA,NA,0,1,NA,NA,NA,NA,NA,NA,0.168975225878954,0.0793485530585606,NA,NA,NA,NA,NA,NA,8.36890848099784,NA,NA,NA,NA,NA,NA,0.31926901833619,0,0,0,0,0,0,0,1,1,1,1,1,1,1,1,1,1,1,1,1,1,1,1,1,1,1,1,1,1,1,1,1
Ppp1r12a,Ppp1r12a,-2.37693049490899,NA,NA,NA,NA,NA,NA,NA,-1,NA,NA,NA,NA,NA,NA,NA,0.00241506764724609,NA,NA,NA,NA,NA,NA,NA,NA,NA,NA,NA,NA,NA,NA,0.319118641051012,-1,-1,-1,-1,-1,-1,-1,-1,-1,-1,-1,-1,-1,-1,-1,-1,-1,-1,-1,-1,-1,-1,-1,-1,-1,-1,-1,-1,-1,-1,-1,-1
Ranbp10,Ranbp10,-0.549699892170256,NA,NA,NA,NA,NA,NA,NA,-1,NA,NA,NA,NA,NA,NA,NA,0.000539688767890839,NA,NA,NA,NA,NA,NA,NA,NA,NA,NA,NA,NA,NA,NA,0.316743008154031,-1,-1,-1,-1,-1,-1,-1,-1,-1,-1,-1,-1,-1,-1,-1,-1,-1,-1,-1,-1,-1,-1,-1,-1,-1,-1,-1,-1,-1,-1,-1,-1
Ubp1,Ubp1,-2.9506,606.51,NA,NA,NA,NA,NA,NA,-1,0,NA,NA,NA,NA,NA,NA,0.0812074767070968,0.365658273645721,NA,NA,NA,NA,NA,NA,26.907110262033,NA,NA,NA,NA,NA,NA,0.316637799104486,-1,-1,-1,-1,-1,-1,-1,-1,-1,-1,-1,-1,-1,-1,-1,-1,-1,-1,-1,-1,-1,-1,-1,-1,-1,-1,-1,-1,-1,0,0,0
Srgap2,Srgap2,-16.418,0.27767,NA,NA,NA,NA,NA,NA,-1,0,NA,NA,NA,NA,NA,NA,0.0911773481911715,0.376468190456749,NA,NA,NA,NA,NA,NA,6.25087655055956,NA,NA,NA,NA,NA,NA,0.314547090808932,-1,-1,-1,-1,-1,-1,-1,0,0,0,0,0,0,0,0,0,0,0,0,0,0,0,0,0,0,0,0,0,0,0,0,0
Gm41349,Gm41349,-0.320755221665967,NA,NA,NA,NA,NA,NA,NA,-1,NA,NA,NA,NA,NA,NA,NA,0.000571751719399753,NA,NA,NA,NA,NA,NA,NA,NA,NA,NA,NA,NA,NA,NA,0.314422647706916,-1,-1,-1,-1,-1,-1,-1,-1,-1,-1,-1,-1,-1,-1,-1,-1,-1,-1,-1,-1,-1,-1,-1,-1,-1,-1,-1,-1,-1,-1,-1,-1
Zbtb41,Zbtb41,0.922228054566368,NA,NA,NA,NA,NA,NA,NA,1,NA,NA,NA,NA,NA,NA,NA,0.000427784512523978,NA,NA,NA,NA,NA,NA,NA,NA,NA,NA,NA,NA,NA,NA,0.314075258120808,1,1,1,1,1,1,1,1,1,1,1,1,1,1,1,1,1,1,1,1,1,1,1,1,1,1,1,1,1,1,1,1
Mrps11,Mrps11,-240.94,0.52495,NA,NA,NA,NA,NA,NA,0,1,NA,NA,NA,NA,NA,NA,0.123712760876207,0.0958872824890525,NA,NA,NA,NA,NA,NA,3.05277543079108,NA,NA,NA,NA,NA,NA,0.314069458507945,0,0,0,1,1,1,1,1,1,1,1,1,1,1,1,1,1,1,1,1,1,1,1,1,1,1,1,1,1,1,1,1
Ly86,Ly86,0.647274463158269,NA,NA,NA,NA,NA,NA,NA,1,NA,NA,NA,NA,NA,NA,NA,0.000927615462620792,NA,NA,NA,NA,NA,NA,NA,NA,NA,NA,NA,NA,NA,NA,0.313794938424862,1,1,1,1,1,1,1,1,1,1,1,1,1,1,1,1,1,1,1,1,1,1,1,1,1,1,1,1,1,1,1,1
Ctu2,Ctu2,0.686429515356131,NA,NA,NA,NA,NA,NA,NA,1,NA,NA,NA,NA,NA,NA,NA,0.000773798905682738,NA,NA,NA,NA,NA,NA,NA,NA,NA,NA,NA,NA,NA,NA,0.313660568553246,1,1,1,1,1,1,1,1,1,1,1,1,1,1,1,1,1,1,1,1,1,1,1,1,1,1,1,1,1,1,1,1
Tet3,Tet3,-1.98902177880913,NA,NA,NA,NA,NA,NA,NA,-1,NA,NA,NA,NA,NA,NA,NA,0.000400053454769416,NA,NA,NA,NA,NA,NA,NA,NA,NA,NA,NA,NA,NA,NA,0.313041208023343,-1,-1,-1,-1,-1,-1,-1,-1,-1,-1,-1,-1,-1,-1,-1,-1,-1,-1,-1,-1,-1,-1,-1,-1,-1,-1,-1,-1,-1,-1,-1,-1
Kansl2-ps,Kansl2-ps,0.097736931946988,NA,NA,NA,NA,NA,NA,NA,1,NA,NA,NA,NA,NA,NA,NA,0.000388805544495035,NA,NA,NA,NA,NA,NA,NA,NA,NA,NA,NA,NA,NA,NA,0.312475409025558,1,1,1,1,1,1,1,1,1,1,1,1,1,1,1,1,1,1,1,1,1,1,1,1,1,1,1,1,1,1,1,1
Rnf167,Rnf167,-1.57427719639373,NA,NA,NA,NA,NA,NA,NA,-1,NA,NA,NA,NA,NA,NA,NA,0.000552914921143484,NA,NA,NA,NA,NA,NA,NA,NA,NA,NA,NA,NA,NA,NA,0.312428201564663,-1,-1,-1,-1,-1,-1,-1,-1,-1,-1,-1,-1,-1,-1,-1,-1,-1,-1,-1,-1,-1,-1,-1,-1,-1,-1,-1,-1,-1,-1,-1,-1
Trmt1,Trmt1,-4.4304,1.7593,NA,NA,NA,NA,NA,NA,-1,0,NA,NA,NA,NA,NA,NA,0.0993020970624055,0.204299199776627,NA,NA,NA,NA,NA,NA,14.9530855200144,NA,NA,NA,NA,NA,NA,0.312155880153296,-1,-1,-1,-1,-1,-1,-1,-1,-1,-1,-1,-1,-1,-1,-1,-1,0,0,-1,0,0,0,0,0,0,0,0,0,0,0,0,0
Dhrs4,Dhrs4,-3.245,0.76214,NA,NA,NA,NA,NA,NA,-1,0,NA,NA,NA,NA,NA,NA,0.0859677544797169,0.216452176760444,NA,NA,NA,NA,NA,NA,12.0134352493096,NA,NA,NA,NA,NA,NA,0.311815889208049,-1,-1,-1,-1,-1,-1,-1,-1,-1,-1,-1,-1,0,-1,-1,-1,0,0,0,0,0,0,0,0,0,0,0,0,0,0,0,0
Msc,Msc,-0.48402,465.13,-4.9844,0.22519,NA,NA,NA,NA,0,1,0,0,NA,NA,NA,NA,0.219058267746352,0.0926773071876884,0.456661342781132,0.193500530240606,NA,NA,NA,NA,9.002470365989,9.03670267479579,12.2272706739033,NA,NA,NA,NA,0.311144635141275,0,0,0,0,0,0,0,0,1,0,1,0,0,0,0,0,0,0,0,0,0,0,0,0,0,0,0,0,0,0,0,0
Gpm6a,Gpm6a,0.591988213122124,NA,NA,NA,NA,NA,NA,NA,1,NA,NA,NA,NA,NA,NA,NA,0.0743807818404569,NA,NA,NA,NA,NA,NA,NA,NA,NA,NA,NA,NA,NA,NA,0.310035162863821,1,1,1,1,1,1,1,1,1,1,1,1,1,1,1,1,1,1,1,1,1,1,1,1,1,1,1,1,1,1,1,1
Faap24,Faap24,-0.14406,316.77,-271.7,1.5849,NA,NA,NA,NA,0,0,-1,0,NA,NA,NA,NA,0.316290283555539,0.211466531640896,0.0844403189853127,0.221848392602754,NA,NA,NA,NA,17.9908698881957,19.3900800737372,21.0500433291218,NA,NA,NA,NA,0.309949888616037,0,0,0,0,0,0,0,0,0,0,0,0,0,0,0,0,0,0,0,0,0,0,0,0,-1,-1,-1,0,0,0,0,0
Hmg20b,Hmg20b,-5.7083,0.67684,NA,NA,NA,NA,NA,NA,-1,0,NA,NA,NA,NA,NA,NA,0.0974846810262414,0.229385682181183,NA,NA,NA,NA,NA,NA,9.63988513727058,NA,NA,NA,NA,NA,NA,0.309484057654759,-1,-1,-1,-1,-1,-1,-1,-1,-1,-1,-1,0,0,0,0,0,0,0,0,0,0,0,0,0,0,0,0,0,0,0,0,0
Ppfia4,Ppfia4,0.946573446581665,NA,NA,NA,NA,NA,NA,NA,1,NA,NA,NA,NA,NA,NA,NA,0.000824555617599955,NA,NA,NA,NA,NA,NA,NA,NA,NA,NA,NA,NA,NA,NA,0.308227273469111,1,1,1,1,1,1,1,1,1,1,1,1,1,1,1,1,1,1,1,1,1,1,1,1,1,1,1,1,1,1,1,1
Tmem59l,Tmem59l,0.422464050893881,NA,NA,NA,NA,NA,NA,NA,1,NA,NA,NA,NA,NA,NA,NA,0.00110964848597025,NA,NA,NA,NA,NA,NA,NA,NA,NA,NA,NA,NA,NA,NA,0.305824454841229,1,1,1,1,1,1,1,1,1,1,1,1,1,1,1,1,1,1,1,1,1,1,1,1,1,1,1,1,1,1,1,1
Psmb4,Psmb4,0.834033383680514,NA,NA,NA,NA,NA,NA,NA,1,NA,NA,NA,NA,NA,NA,NA,0.0178095207546591,NA,NA,NA,NA,NA,NA,NA,NA,NA,NA,NA,NA,NA,NA,0.303967985402632,1,1,1,1,1,1,1,1,1,1,1,1,1,1,1,1,1,1,1,1,1,1,1,1,1,1,1,1,1,1,1,1
Ccdc163,Ccdc163,-0.758833303330654,NA,NA,NA,NA,NA,NA,NA,-1,NA,NA,NA,NA,NA,NA,NA,0.000504806760215838,NA,NA,NA,NA,NA,NA,NA,NA,NA,NA,NA,NA,NA,NA,0.302933058800195,-1,-1,-1,-1,-1,-1,-1,-1,-1,-1,-1,-1,-1,-1,-1,-1,-1,-1,-1,-1,-1,-1,-1,-1,-1,-1,-1,-1,-1,-1,-1,-1
Miip,Miip,-2.3628,1025.9,NA,NA,NA,NA,NA,NA,-1,0,NA,NA,NA,NA,NA,NA,0.0789878768779899,0.253812133999062,NA,NA,NA,NA,NA,NA,26.963612220293,NA,NA,NA,NA,NA,NA,0.300951760416346,-1,-1,-1,-1,-1,-1,-1,-1,-1,-1,-1,-1,-1,-1,-1,-1,-1,-1,-1,-1,-1,-1,-1,-1,-1,-1,-1,-1,-1,0,0,0
Htra3,Htra3,-36.631,0.59564,NA,NA,NA,NA,NA,NA,-1,0,NA,NA,NA,NA,NA,NA,0.0923036946419806,0.379213227023022,NA,NA,NA,NA,NA,NA,6.14922416989809,NA,NA,NA,NA,NA,NA,0.300941615051855,-1,-1,-1,-1,-1,-1,-1,0,0,0,0,0,0,0,0,0,0,0,0,0,0,0,0,0,0,0,0,0,0,0,0,0
Cd33,Cd33,0.415816825209918,NA,NA,NA,NA,NA,NA,NA,1,NA,NA,NA,NA,NA,NA,NA,0.00362003705949272,NA,NA,NA,NA,NA,NA,NA,NA,NA,NA,NA,NA,NA,NA,0.30064949952962,1,1,1,1,1,1,1,1,1,1,1,1,1,1,1,1,1,1,1,1,1,1,1,1,1,1,1,1,1,1,1,1
Cd59a,Cd59a,0.882776965335073,NA,NA,NA,NA,NA,NA,NA,1,NA,NA,NA,NA,NA,NA,NA,0.000763242814291065,NA,NA,NA,NA,NA,NA,NA,NA,NA,NA,NA,NA,NA,NA,0.300492195303506,1,1,1,1,1,1,1,1,1,1,1,1,1,1,1,1,1,1,1,1,1,1,1,1,1,1,1,1,1,1,1,1
Gstm7,Gstm7,0.910324185447099,NA,NA,NA,NA,NA,NA,NA,1,NA,NA,NA,NA,NA,NA,NA,0.00321749736477783,NA,NA,NA,NA,NA,NA,NA,NA,NA,NA,NA,NA,NA,NA,0.300030031880998,1,1,1,1,1,1,1,1,1,1,1,1,1,1,1,1,1,1,1,1,1,1,1,1,1,1,1,1,1,1,1,1
Rbmxl1,Rbmxl1,0.447691738767549,NA,NA,NA,NA,NA,NA,NA,1,NA,NA,NA,NA,NA,NA,NA,0.0058702692669158,NA,NA,NA,NA,NA,NA,NA,NA,NA,NA,NA,NA,NA,NA,0.300019960695468,1,1,1,1,1,1,1,1,1,1,1,1,1,1,1,1,1,1,1,1,1,1,1,1,1,1,1,1,1,1,1,1
